[
{
    "model": "users.permissiontype",
    "pk": "add_all",
    "fields": {
        "description": "Agregar todo",
        "order": 6
    }
},
{
    "model": "users.permissiontype",
    "pk": "add_filter",
    "fields": {
        "description": "Agregar ambito",
        "order": 5
    }
},
{
    "model": "users.permissiontype",
    "pk": "delete",
    "fields": {
        "description": "Eliminar",
        "order": 10
    }
},
{
    "model": "users.permissiontype",
    "pk": "delete_all",
    "fields": {
        "description": "Eliminar todo",
        "order": 12
    }
},
{
    "model": "users.permissiontype",
    "pk": "delete_filter",
    "fields": {
        "description": "Eliminar ámbito",
        "order": 11
    }
},
{
    "model": "users.permissiontype",
    "pk": "edit",
    "fields": {
        "description": "edit",
        "order": 7
    }
},
{
    "model": "users.permissiontype",
    "pk": "edit_all",
    "fields": {
        "description": "Editar todo",
        "order": 9
    }
},
{
    "model": "users.permissiontype",
    "pk": "edit_filter",
    "fields": {
        "description": "Editar ambito",
        "order": 8
    }
},
{
    "model": "users.permissiontype",
    "pk": "export",
    "fields": {
        "description": "Exportar",
        "order": 13
    }
},
{
    "model": "users.permissiontype",
    "pk": "read_all",
    "fields": {
        "description": "Ver todo",
        "order": 3
    }
},
{
    "model": "users.permissiontype",
    "pk": "read_filter",
    "fields": {
        "description": "Ver ámbito",
        "order": 2
    }
},
{
    "model": "users.permission",
    "pk": 37,
    "fields": {
        "description": "Administrador"
    }
},
{
    "model": "users.permission",
    "pk": 39,
    "fields": {
        "description": "Gestor sectorial"
    }
},
{
    "model": "users.permission",
    "pk": 40,
    "fields": {
        "description": "Gestor sectorial"
    }
},
{
    "model": "users.permission",
    "pk": 41,
    "fields": {
        "description": "Gestor sectorial"
    }
},
{
    "model": "users.permission",
    "pk": 42,
    "fields": {
        "description": "OPERARIO"
    }
},
{
    "model": "users.permission",
    "pk": 43,
    "fields": {
        "description": "gestor sectorial MEF"
    }
},
{
    "model": "users.permission",
    "pk": 45,
    "fields": {
        "description": "Operador de Plataforma"
    }
},
{
    "model": "users.permission",
    "pk": 46,
    "fields": {
        "description": "Administrador Municipal SRTM"
    }
},
{
    "model": "users.permission",
    "pk": 47,
    "fields": {
        "description": "Operador Cartográfico"
    }
},
{
    "model": "users.permission",
    "pk": 48,
    "fields": {
        "description": "Admin Mef"
    }
},
{
    "model": "users.permission",
    "pk": 49,
    "fields": {
        "description": "Usuario BID"
    }
},
{
    "model": "users.role",
    "pk": 13,
    "fields": {
        "name": "Administrador",
        "is_active": true,
        "description": null
    }
},
{
    "model": "users.role",
    "pk": 14,
    "fields": {
        "name": "Gestor sectorial",
        "is_active": true,
        "description": null
    }
},
{
    "model": "users.role",
    "pk": 15,
    "fields": {
        "name": "Gestor sectorial",
        "is_active": true,
        "description": null
    }
},
{
    "model": "users.role",
    "pk": 16,
    "fields": {
        "name": "Gestor sectorial",
        "is_active": true,
        "description": null
    }
},
{
    "model": "users.role",
    "pk": 17,
    "fields": {
        "name": "Gestor sectorial",
        "is_active": true,
        "description": null
    }
},
{
    "model": "users.role",
    "pk": 18,
    "fields": {
        "name": "OPERARIO",
        "is_active": true,
        "description": null
    }
},
{
    "model": "users.role",
    "pk": 19,
    "fields": {
        "name": "gestor sectorial MEF",
        "is_active": true,
        "description": null
    }
},
{
    "model": "users.role",
    "pk": 20,
    "fields": {
        "name": "prueba",
        "is_active": true,
        "description": null
    }
},
{
    "model": "users.role",
    "pk": 21,
    "fields": {
        "name": "Operador de Plataforma",
        "is_active": true,
        "description": null
    }
},
{
    "model": "users.role",
    "pk": 22,
    "fields": {
        "name": "Administrador Municipal SRTM",
        "is_active": true,
        "description": null
    }
},
{
    "model": "users.role",
    "pk": 23,
    "fields": {
        "name": "Operador Cartográfico",
        "is_active": true,
        "description": null
    }
},
{
    "model": "users.role",
    "pk": 24,
    "fields": {
        "name": "Admin Mef",
        "is_active": true,
        "description": null
    }
},
{
    "model": "users.role",
    "pk": 25,
    "fields": {
        "name": "Usuario BID",
        "is_active": true,
        "description": null
    }
},
{
    "model": "users.role",
    "pk": 26,
    "fields": {
        "name": "borrar",
        "is_active": true,
        "description": null
    }
},
{
    "model": "users.user",
    "pk": 1,
    "fields": {
        "password": "pbkdf2_sha256$260000$urMQVyCjCrEJ6T5LqEEOGU$+q6Xvm51oQoSG4BjCXaxhISD5E4cn+IJE4TzX+g5nD8=",
        "last_login": "2023-03-08T07:13:12.087",
        "is_superuser": true,
        "username": "admin",
        "first_name": "Jose Carlos",
        "last_name": "Ramirez Tello",
        "email": "jcramireztello@gmail.com",
        "is_staff": true,
        "is_active": true,
        "date_joined": "2022-01-25T22:47:17.883",
        "dni": "46161430",
        "avatar": "users/user/avatar_man_rucuFDv.png",
        "job_title": "Director Cartografico",
        "role": null,
        "institution": 1,
        "place_scope": 1,
        "department": null,
        "province": null,
        "district": null,
        "observation": "",
        "groups": [],
        "user_permissions": []
    }
},
{
    "model": "users.user",
    "pk": 28,
    "fields": {
        "password": "pbkdf2_sha256$260000$Cs2bChMGso9vN7V1gAPhN3$tXaoHyMDg1glu4gAIufdQEDMxYa/F5kHSBVK+v265x4=",
        "last_login": null,
        "is_superuser": false,
        "username": "20045993",
        "first_name": "Antonio",
        "last_name": "Mucha",
        "email": "amucha@mef.gob.pe",
        "is_staff": false,
        "is_active": true,
        "date_joined": "2022-09-19T09:33:34.263",
        "dni": "20045993",
        "avatar": "",
        "job_title": "TICs",
        "role": 13,
        "institution": 1,
        "place_scope": 1,
        "department": null,
        "province": null,
        "district": null,
        "observation": "",
        "groups": [],
        "user_permissions": []
    }
},
{
    "model": "users.user",
    "pk": 29,
    "fields": {
        "password": "pbkdf2_sha256$260000$F5EigxNSJlSTupTjv6oQjT$y/ZQYsRdsydrstk+i+q3RotU4mavobOgAKUN6dXBwm4=",
        "last_login": null,
        "is_superuser": false,
        "username": "46818702",
        "first_name": "Mary",
        "last_name": "Palomino",
        "email": "marycriscp@gmail.com",
        "is_staff": false,
        "is_active": true,
        "date_joined": "2022-09-30T14:18:35.737",
        "dni": "46818702",
        "avatar": "",
        "job_title": "sd",
        "role": 19,
        "institution": 1,
        "place_scope": 4,
        "department": "14",
        "province": "1402",
        "district": "140204",
        "observation": "",
        "groups": [],
        "user_permissions": []
    }
},
{
    "model": "users.user",
    "pk": 30,
    "fields": {
        "password": "pbkdf2_sha256$260000$iHDBVx5g7ayxRzTuhPDZFg$tEDueeJf0E2zfA4Z2NPb2m8ms75+1pRr0FL6ClEkU4E=",
        "last_login": null,
        "is_superuser": false,
        "username": "29707236",
        "first_name": "Angelica",
        "last_name": "Pino",
        "email": "angelica.pino.mestas@gmail.com",
        "is_staff": false,
        "is_active": true,
        "date_joined": "2022-09-30T14:22:39.342",
        "dni": "29707236",
        "avatar": "",
        "job_title": "as",
        "role": 19,
        "institution": 1,
        "place_scope": 4,
        "department": "04",
        "province": "0407",
        "district": "040703",
        "observation": "",
        "groups": [],
        "user_permissions": []
    }
},
{
    "model": "users.user",
    "pk": 31,
    "fields": {
        "password": "pbkdf2_sha256$260000$OPNCQWsRTMTdHZEmWi0QGJ$fP6HOeQJ4WrXH5ZVCyo1uZcsbEY2B72EEbV2V8Ioo/0=",
        "last_login": null,
        "is_superuser": false,
        "username": "20202020",
        "first_name": "Juan",
        "last_name": "Pérez",
        "email": "jperez@munijm.gob.pe",
        "is_staff": false,
        "is_active": true,
        "date_joined": "2022-10-06T23:26:49.692",
        "dni": "20202020",
        "avatar": "",
        "job_title": "Administrativo",
        "role": 21,
        "institution": 3,
        "place_scope": 4,
        "department": "14",
        "province": "1402",
        "district": "140204",
        "observation": "prueba",
        "groups": [],
        "user_permissions": []
    }
},
{
    "model": "users.user",
    "pk": 32,
    "fields": {
        "password": "pbkdf2_sha256$260000$WH0QgM2LwYo0mwZ0liGQ45$4U8LzhMjGS41ahzl1IvjuQfieRJPLAwCANmhYGPVfUo=",
        "last_login": null,
        "is_superuser": false,
        "username": "30303030",
        "first_name": "Miguel",
        "last_name": "Campos",
        "email": "mcampos@munisb.gob.pe",
        "is_staff": false,
        "is_active": true,
        "date_joined": "2022-10-06T23:33:06.050",
        "dni": "30303030",
        "avatar": "",
        "job_title": "Administrativo",
        "role": 21,
        "institution": 3,
        "place_scope": 4,
        "department": "15",
        "province": "1501",
        "district": "150130",
        "observation": "prueba2",
        "groups": [],
        "user_permissions": []
    }
},
{
    "model": "users.user",
    "pk": 33,
    "fields": {
        "password": "pbkdf2_sha256$260000$fTs2ksSuY9ZvICeEjSW3t2$AvUpT2hih2BOiSUqo86KzcV+QZquu17pq5Z7YGMaXds=",
        "last_login": null,
        "is_superuser": false,
        "username": "10101010",
        "first_name": "Carmen",
        "last_name": "Silva",
        "email": "csilva@munijm.gob.pe",
        "is_staff": false,
        "is_active": true,
        "date_joined": "2022-10-06T23:47:35.402",
        "dni": "10101010",
        "avatar": "",
        "job_title": "Sistemas",
        "role": 22,
        "institution": 3,
        "place_scope": 4,
        "department": "14",
        "province": "1402",
        "district": "140204",
        "observation": "",
        "groups": [],
        "user_permissions": []
    }
},
{
    "model": "users.user",
    "pk": 34,
    "fields": {
        "password": "pbkdf2_sha256$260000$cZbdVA69zZWprnY6LQ0Jj6$p5UOX3tlvpQQCv54PUToEIgeGhH/HGBw7ujrYn8V6j4=",
        "last_login": null,
        "is_superuser": false,
        "username": "40404040",
        "first_name": "Cecilia",
        "last_name": "Romo",
        "email": "cecilia@munijm.gob.pe",
        "is_staff": false,
        "is_active": true,
        "date_joined": "2022-10-06T23:53:28.200",
        "dni": "40404040",
        "avatar": "",
        "job_title": "Catastro",
        "role": 23,
        "institution": 3,
        "place_scope": 4,
        "department": "15",
        "province": "1501",
        "district": "150101",
        "observation": "",
        "groups": [],
        "user_permissions": []
    }
},
{
    "model": "users.user",
    "pk": 35,
    "fields": {
        "password": "pbkdf2_sha256$260000$5s7qlBuPANIpp6hfPkIi9k$3yzdAc8qchvl8X3udeTlNuw8o3ra2cJr89Az5o194/E=",
        "last_login": null,
        "is_superuser": false,
        "username": "44429636",
        "first_name": "María Gabriela",
        "last_name": "de Rivera Vega",
        "email": "maga1986@gmail.com",
        "is_staff": false,
        "is_active": true,
        "date_joined": "2022-10-13T18:59:11.904",
        "dni": "44429636",
        "avatar": "users/user/WhatsApp_Image_2022-07-12_at_3.32.37_PM_2.jpeg",
        "job_title": "Asistente",
        "role": 21,
        "institution": 3,
        "place_scope": 4,
        "department": "14",
        "province": "1402",
        "district": "140204",
        "observation": "Nada",
        "groups": [],
        "user_permissions": []
    }
},
{
    "model": "users.user",
    "pk": 36,
    "fields": {
        "password": "pbkdf2_sha256$260000$mpNtlmCH1SLYdeh2P5rK3o$sIGq7rkuKNuczhBI6o8BtKMQ2ZSXGtp83a8B3J1R1iI=",
        "last_login": null,
        "is_superuser": false,
        "username": "50505050",
        "first_name": "Mary",
        "last_name": "Palomino",
        "email": "marycriscp@gmail.com",
        "is_staff": false,
        "is_active": true,
        "date_joined": "2022-10-13T19:19:42.808",
        "dni": "50505050",
        "avatar": "",
        "job_title": "Técnico",
        "role": 23,
        "institution": 3,
        "place_scope": 4,
        "department": "14",
        "province": "1402",
        "district": "140204",
        "observation": "Nada",
        "groups": [],
        "user_permissions": []
    }
},
{
    "model": "users.user",
    "pk": 37,
    "fields": {
        "password": "pbkdf2_sha256$260000$0cjvEJJTFNgB0u7C3xVJiz$3CHU63WQFEHNt9vYhNBQX+oqHwpB2g85BE2M90XlfCo=",
        "last_login": null,
        "is_superuser": false,
        "username": "44315750",
        "first_name": "kadir",
        "last_name": "Huamani",
        "email": "kadirhp86@gmail.com",
        "is_staff": false,
        "is_active": true,
        "date_joined": "2022-10-17T08:29:48.708",
        "dni": "44315750",
        "avatar": "",
        "job_title": "admin",
        "role": 24,
        "institution": 1,
        "place_scope": 4,
        "department": "14",
        "province": "1402",
        "district": "140204",
        "observation": "",
        "groups": [],
        "user_permissions": []
    }
},
{
    "model": "users.user",
    "pk": 38,
    "fields": {
        "password": "pbkdf2_sha256$260000$JbSjVXpi7Bov5KC28jp8BY$fGUKba2MoMpEW0R5IBPVItVrnEyFO/Bsr15kIJxDkzg=",
        "last_login": null,
        "is_superuser": false,
        "username": "90909090",
        "first_name": "Ministerio",
        "last_name": "de Economía y Finanzas",
        "email": "Mef@gob.pe",
        "is_staff": false,
        "is_active": true,
        "date_joined": "2022-10-18T11:52:52.982",
        "dni": "90909090",
        "avatar": "",
        "job_title": "",
        "role": 13,
        "institution": 1,
        "place_scope": 1,
        "department": "14",
        "province": "1402",
        "district": "140204",
        "observation": "",
        "groups": [],
        "user_permissions": []
    }
},
{
    "model": "users.user",
    "pk": 39,
    "fields": {
        "password": "pbkdf2_sha256$260000$f25WGyJnzTjfcPrZ6tPtim$dwrQEnBu9bvKLWTs5YUpT0KBxlUhs/BnxuOMGtcz1a8=",
        "last_login": null,
        "is_superuser": false,
        "username": "01010101",
        "first_name": "BID",
        "last_name": "",
        "email": "Usuario@mef.gob.pe",
        "is_staff": false,
        "is_active": true,
        "date_joined": "2022-10-19T15:10:09.770",
        "dni": "01010101",
        "avatar": "",
        "job_title": "",
        "role": 25,
        "institution": 1,
        "place_scope": 1,
        "department": null,
        "province": null,
        "district": null,
        "observation": "Prueba.",
        "groups": [],
        "user_permissions": []
    }
},
{
    "model": "users.user",
    "pk": 40,
    "fields": {
        "password": "pbkdf2_sha256$260000$WMP5V7hiRmjcyvtZI9zdrw$xCT0GkNPJ7LL6JU1p+D7lnFI82NIgxOkHEedlF1QF1c=",
        "last_login": null,
        "is_superuser": false,
        "username": "44444444",
        "first_name": "Mary",
        "last_name": "Palomino",
        "email": "marycriscp@gmail.com",
        "is_staff": false,
        "is_active": true,
        "date_joined": "2022-10-25T16:07:39.324",
        "dni": "44444444",
        "avatar": "",
        "job_title": "",
        "role": 14,
        "institution": 3,
        "place_scope": 1,
        "department": null,
        "province": null,
        "district": null,
        "observation": "",
        "groups": [],
        "user_permissions": []
    }
},
{
    "model": "users.user",
    "pk": 41,
    "fields": {
        "password": "pbkdf2_sha256$260000$bB5jkqhZuH0asEt8e0Pyyb$/oHJ3ivl+1xReMjaCAPRyLsOCN0xE4S/2Hgy4+TxM80=",
        "last_login": null,
        "is_superuser": false,
        "username": "46161437",
        "first_name": "Jose",
        "last_name": "Ramirez",
        "email": "prueba@joseramirez.com",
        "is_staff": false,
        "is_active": true,
        "date_joined": "2022-10-28T09:07:22.425",
        "dni": "46161437",
        "avatar": "",
        "job_title": "Puesto",
        "role": 14,
        "institution": 1,
        "place_scope": 4,
        "department": "14",
        "province": "1402",
        "district": "140204",
        "observation": "",
        "groups": [],
        "user_permissions": []
    }
},
{
    "model": "users.user",
    "pk": 42,
    "fields": {
        "password": "pbkdf2_sha256$260000$QAFGu26AqgXjbLVt8UNLNj$X+MErM1rnAKAx2kH2uXE6BMDUy4UJLrlG9BuNQVmEs8=",
        "last_login": null,
        "is_superuser": false,
        "username": "12560987",
        "first_name": "Prueba",
        "last_name": "Prueba",
        "email": "joseprueba@gmail.com",
        "is_staff": false,
        "is_active": true,
        "date_joined": "2022-10-28T09:08:53.413",
        "dni": "12560987",
        "avatar": "",
        "job_title": "fsdfsdfds",
        "role": 14,
        "institution": 1,
        "place_scope": 4,
        "department": "14",
        "province": "1402",
        "district": "140204",
        "observation": "",
        "groups": [],
        "user_permissions": []
    }
},
{
    "model": "users.user",
    "pk": 43,
    "fields": {
        "password": "pbkdf2_sha256$260000$nbiJvWX3KHBmwI118RqKEp$2n2YGFEUMYW3ufPI6xRbcuQZ5kpqJYuLQzwqTKw1Nr0=",
        "last_login": null,
        "is_superuser": false,
        "username": "11111111",
        "first_name": "Mary",
        "last_name": "Palomino",
        "email": "marycriscp@gmail.com",
        "is_staff": false,
        "is_active": true,
        "date_joined": "2022-10-28T11:38:20.037",
        "dni": "11111111",
        "avatar": "",
        "job_title": "",
        "role": 15,
        "institution": 3,
        "place_scope": 1,
        "department": null,
        "province": null,
        "district": null,
        "observation": "",
        "groups": [],
        "user_permissions": []
    }
},
{
    "model": "users.user",
    "pk": 44,
    "fields": {
        "password": "pbkdf2_sha256$260000$0ZF8GIkVgZiFco8RU7YoHh$G0FZ3GS84bte7gXTmuzQvwm6u9NfN/u4R6SySeBpqXo=",
        "last_login": null,
        "is_superuser": false,
        "username": "22222222",
        "first_name": "Mary",
        "last_name": "Palomino",
        "email": "marycriscp@gmail.com",
        "is_staff": false,
        "is_active": true,
        "date_joined": "2022-11-10T11:02:09.191",
        "dni": "22222222",
        "avatar": "",
        "job_title": "",
        "role": 23,
        "institution": 2,
        "place_scope": 1,
        "department": "14",
        "province": "1402",
        "district": "140204",
        "observation": "",
        "groups": [],
        "user_permissions": []
    }
},
{
    "model": "users.user",
    "pk": 45,
    "fields": {
        "password": "pbkdf2_sha256$260000$LGiVNPSZynfwEmjiRmokW1$p7Kq9I9y+XzN9Y4KCy9W+FLTrE5PnC8oHOcBxa+ZZ8k=",
        "last_login": null,
        "is_superuser": false,
        "username": "46161430",
        "first_name": "Jose Carlos",
        "last_name": "Ramirez Tello",
        "email": "jcramireztello@gmail.com",
        "is_staff": false,
        "is_active": true,
        "date_joined": "2022-11-10T17:48:19.916",
        "dni": "46161430",
        "avatar": "",
        "job_title": "Ing. de Sistemas",
        "role": 13,
        "institution": 1,
        "place_scope": 4,
        "department": "14",
        "province": "1402",
        "district": "140204",
        "observation": "Administrador temporal de la plataforma",
        "groups": [],
        "user_permissions": []
    }
},
{
    "model": "users.user",
    "pk": 46,
    "fields": {
        "password": "pbkdf2_sha256$260000$Q3qlfg8XTx1Jy25ksiOWGp$khf5vgL4Yhm4GDVy9tg7uN65JHSqomEtGYmm1PCsytk=",
        "last_login": null,
        "is_superuser": false,
        "username": "12345678",
        "first_name": "prueba",
        "last_name": "preliminar",
        "email": "pruebaprimilar@gmail.com",
        "is_staff": false,
        "is_active": true,
        "date_joined": "2022-11-11T09:05:54.290",
        "dni": "12345678",
        "avatar": "",
        "job_title": "PP",
        "role": 19,
        "institution": 1,
        "place_scope": 1,
        "department": "14",
        "province": "1402",
        "district": "140201",
        "observation": "",
        "groups": [],
        "user_permissions": []
    }
},
{
    "model": "users.user",
    "pk": 47,
    "fields": {
        "password": "pbkdf2_sha256$260000$IA5IuolAbPuvpvYmJde4F1$6Yb0tXK5+EIu3lrE5BUnaGHR4exQD4jgEFSFinyewSY=",
        "last_login": "2022-12-04T21:12:21.939",
        "is_superuser": false,
        "username": "adminmef",
        "first_name": "",
        "last_name": "",
        "email": "",
        "is_staff": true,
        "is_active": true,
        "date_joined": "2022-11-27T11:37:46.458",
        "dni": null,
        "avatar": "",
        "job_title": null,
        "role": null,
        "institution": null,
        "place_scope": 1,
        "department": null,
        "province": null,
        "district": null,
        "observation": null,
        "groups": [
            1
        ],
        "user_permissions": []
    }
},
{
    "model": "users.permissionnavigation",
    "pk": 416,
    "fields": {
        "creation_date": "2022-09-15T17:03:21.438",
        "created_by": null,
        "update_date": "2022-09-15T17:03:21.438",
        "update_by": null,
        "permission": 37,
        "type": "read_all",
        "navigation_view": "guuser"
    }
},
{
    "model": "users.permissionnavigation",
    "pk": 417,
    "fields": {
        "creation_date": "2022-09-15T17:03:21.438",
        "created_by": null,
        "update_date": "2022-09-15T17:03:21.438",
        "update_by": null,
        "permission": 37,
        "type": "add_all",
        "navigation_view": "guuser"
    }
},
{
    "model": "users.permissionnavigation",
    "pk": 418,
    "fields": {
        "creation_date": "2022-09-15T17:03:21.438",
        "created_by": null,
        "update_date": "2022-09-15T17:03:21.438",
        "update_by": null,
        "permission": 37,
        "type": "edit_all",
        "navigation_view": "guuser"
    }
},
{
    "model": "users.permissionnavigation",
    "pk": 419,
    "fields": {
        "creation_date": "2022-09-15T17:03:21.438",
        "created_by": null,
        "update_date": "2022-09-15T17:03:21.438",
        "update_by": null,
        "permission": 37,
        "type": "delete_all",
        "navigation_view": "guuser"
    }
},
{
    "model": "users.permissionnavigation",
    "pk": 420,
    "fields": {
        "creation_date": "2022-09-15T17:03:21.438",
        "created_by": null,
        "update_date": "2022-09-15T17:03:21.438",
        "update_by": null,
        "permission": 37,
        "type": "export",
        "navigation_view": "guuser"
    }
},
{
    "model": "users.permissionnavigation",
    "pk": 421,
    "fields": {
        "creation_date": "2022-09-15T17:03:21.438",
        "created_by": null,
        "update_date": "2022-09-15T17:03:21.438",
        "update_by": null,
        "permission": 37,
        "type": "read_all",
        "navigation_view": "gupermi"
    }
},
{
    "model": "users.permissionnavigation",
    "pk": 422,
    "fields": {
        "creation_date": "2022-09-15T17:03:21.438",
        "created_by": null,
        "update_date": "2022-09-15T17:03:21.438",
        "update_by": null,
        "permission": 37,
        "type": "add_all",
        "navigation_view": "gupermi"
    }
},
{
    "model": "users.permissionnavigation",
    "pk": 423,
    "fields": {
        "creation_date": "2022-09-15T17:03:21.438",
        "created_by": null,
        "update_date": "2022-09-15T17:03:21.438",
        "update_by": null,
        "permission": 37,
        "type": "edit_all",
        "navigation_view": "gupermi"
    }
},
{
    "model": "users.permissionnavigation",
    "pk": 424,
    "fields": {
        "creation_date": "2022-09-15T17:03:21.438",
        "created_by": null,
        "update_date": "2022-09-15T17:03:21.438",
        "update_by": null,
        "permission": 37,
        "type": "delete_all",
        "navigation_view": "gupermi"
    }
},
{
    "model": "users.permissionnavigation",
    "pk": 425,
    "fields": {
        "creation_date": "2022-09-15T17:03:21.438",
        "created_by": null,
        "update_date": "2022-09-15T17:03:21.438",
        "update_by": null,
        "permission": 37,
        "type": "export",
        "navigation_view": "gupermi"
    }
},
{
    "model": "users.permissionnavigation",
    "pk": 426,
    "fields": {
        "creation_date": "2022-09-15T17:03:21.438",
        "created_by": null,
        "update_date": "2022-09-15T17:03:21.438",
        "update_by": null,
        "permission": 37,
        "type": "read_all",
        "navigation_view": "gescarcart"
    }
},
{
    "model": "users.permissionnavigation",
    "pk": 427,
    "fields": {
        "creation_date": "2022-09-15T17:03:21.438",
        "created_by": null,
        "update_date": "2022-09-15T17:03:21.438",
        "update_by": null,
        "permission": 37,
        "type": "add_all",
        "navigation_view": "gescarcart"
    }
},
{
    "model": "users.permissionnavigation",
    "pk": 428,
    "fields": {
        "creation_date": "2022-09-15T17:03:21.438",
        "created_by": null,
        "update_date": "2022-09-15T17:03:21.438",
        "update_by": null,
        "permission": 37,
        "type": "edit_all",
        "navigation_view": "gescarcart"
    }
},
{
    "model": "users.permissionnavigation",
    "pk": 429,
    "fields": {
        "creation_date": "2022-09-15T17:03:21.438",
        "created_by": null,
        "update_date": "2022-09-15T17:03:21.438",
        "update_by": null,
        "permission": 37,
        "type": "delete_all",
        "navigation_view": "gescarcart"
    }
},
{
    "model": "users.permissionnavigation",
    "pk": 430,
    "fields": {
        "creation_date": "2022-09-15T17:03:21.439",
        "created_by": null,
        "update_date": "2022-09-15T17:03:21.439",
        "update_by": null,
        "permission": 37,
        "type": "export",
        "navigation_view": "gescarcart"
    }
},
{
    "model": "users.permissionnavigation",
    "pk": 431,
    "fields": {
        "creation_date": "2022-09-15T17:03:21.439",
        "created_by": null,
        "update_date": "2022-09-15T17:03:21.439",
        "update_by": null,
        "permission": 37,
        "type": "read_all",
        "navigation_view": "gescarmeta"
    }
},
{
    "model": "users.permissionnavigation",
    "pk": 432,
    "fields": {
        "creation_date": "2022-09-15T17:03:21.439",
        "created_by": null,
        "update_date": "2022-09-15T17:03:21.439",
        "update_by": null,
        "permission": 37,
        "type": "add_all",
        "navigation_view": "gescarmeta"
    }
},
{
    "model": "users.permissionnavigation",
    "pk": 433,
    "fields": {
        "creation_date": "2022-09-15T17:03:21.439",
        "created_by": null,
        "update_date": "2022-09-15T17:03:21.439",
        "update_by": null,
        "permission": 37,
        "type": "edit_all",
        "navigation_view": "gescarmeta"
    }
},
{
    "model": "users.permissionnavigation",
    "pk": 434,
    "fields": {
        "creation_date": "2022-09-15T17:03:21.439",
        "created_by": null,
        "update_date": "2022-09-15T17:03:21.439",
        "update_by": null,
        "permission": 37,
        "type": "delete_all",
        "navigation_view": "gescarmeta"
    }
},
{
    "model": "users.permissionnavigation",
    "pk": 435,
    "fields": {
        "creation_date": "2022-09-15T17:03:21.439",
        "created_by": null,
        "update_date": "2022-09-15T17:03:21.439",
        "update_by": null,
        "permission": 37,
        "type": "export",
        "navigation_view": "gescarmeta"
    }
},
{
    "model": "users.permissionnavigation",
    "pk": 436,
    "fields": {
        "creation_date": "2022-09-15T17:03:21.439",
        "created_by": null,
        "update_date": "2022-09-15T17:03:21.439",
        "update_by": null,
        "permission": 37,
        "type": "read_all",
        "navigation_view": "gescardato"
    }
},
{
    "model": "users.permissionnavigation",
    "pk": 437,
    "fields": {
        "creation_date": "2022-09-15T17:03:21.439",
        "created_by": null,
        "update_date": "2022-09-15T17:03:21.439",
        "update_by": null,
        "permission": 37,
        "type": "add_all",
        "navigation_view": "gescardato"
    }
},
{
    "model": "users.permissionnavigation",
    "pk": 438,
    "fields": {
        "creation_date": "2022-09-15T17:03:21.439",
        "created_by": null,
        "update_date": "2022-09-15T17:03:21.439",
        "update_by": null,
        "permission": 37,
        "type": "edit_all",
        "navigation_view": "gescardato"
    }
},
{
    "model": "users.permissionnavigation",
    "pk": 439,
    "fields": {
        "creation_date": "2022-09-15T17:03:21.439",
        "created_by": null,
        "update_date": "2022-09-15T17:03:21.439",
        "update_by": null,
        "permission": 37,
        "type": "delete_all",
        "navigation_view": "gescardato"
    }
},
{
    "model": "users.permissionnavigation",
    "pk": 440,
    "fields": {
        "creation_date": "2022-09-15T17:03:21.439",
        "created_by": null,
        "update_date": "2022-09-15T17:03:21.439",
        "update_by": null,
        "permission": 37,
        "type": "export",
        "navigation_view": "gescardato"
    }
},
{
    "model": "users.permissionnavigation",
    "pk": 441,
    "fields": {
        "creation_date": "2022-09-15T17:03:21.439",
        "created_by": null,
        "update_date": "2022-09-15T17:03:21.439",
        "update_by": null,
        "permission": 37,
        "type": "read_all",
        "navigation_view": "gprpregist"
    }
},
{
    "model": "users.permissionnavigation",
    "pk": 442,
    "fields": {
        "creation_date": "2022-09-15T17:03:21.439",
        "created_by": null,
        "update_date": "2022-09-15T17:03:21.439",
        "update_by": null,
        "permission": 37,
        "type": "add_all",
        "navigation_view": "gprpregist"
    }
},
{
    "model": "users.permissionnavigation",
    "pk": 443,
    "fields": {
        "creation_date": "2022-09-15T17:03:21.439",
        "created_by": null,
        "update_date": "2022-09-15T17:03:21.439",
        "update_by": null,
        "permission": 37,
        "type": "edit_all",
        "navigation_view": "gprpregist"
    }
},
{
    "model": "users.permissionnavigation",
    "pk": 444,
    "fields": {
        "creation_date": "2022-09-15T17:03:21.439",
        "created_by": null,
        "update_date": "2022-09-15T17:03:21.439",
        "update_by": null,
        "permission": 37,
        "type": "delete_all",
        "navigation_view": "gprpregist"
    }
},
{
    "model": "users.permissionnavigation",
    "pk": 445,
    "fields": {
        "creation_date": "2022-09-15T17:03:21.439",
        "created_by": null,
        "update_date": "2022-09-15T17:03:21.439",
        "update_by": null,
        "permission": 37,
        "type": "export",
        "navigation_view": "gprpregist"
    }
},
{
    "model": "users.permissionnavigation",
    "pk": 446,
    "fields": {
        "creation_date": "2022-09-15T17:03:21.439",
        "created_by": null,
        "update_date": "2022-09-15T17:03:21.439",
        "update_by": null,
        "permission": 37,
        "type": "read_all",
        "navigation_view": "gprpnewupl"
    }
},
{
    "model": "users.permissionnavigation",
    "pk": 447,
    "fields": {
        "creation_date": "2022-09-15T17:03:21.439",
        "created_by": null,
        "update_date": "2022-09-15T17:03:21.439",
        "update_by": null,
        "permission": 37,
        "type": "add_all",
        "navigation_view": "gprpnewupl"
    }
},
{
    "model": "users.permissionnavigation",
    "pk": 448,
    "fields": {
        "creation_date": "2022-09-15T17:03:21.439",
        "created_by": null,
        "update_date": "2022-09-15T17:03:21.439",
        "update_by": null,
        "permission": 37,
        "type": "edit_all",
        "navigation_view": "gprpnewupl"
    }
},
{
    "model": "users.permissionnavigation",
    "pk": 449,
    "fields": {
        "creation_date": "2022-09-15T17:03:21.439",
        "created_by": null,
        "update_date": "2022-09-15T17:03:21.439",
        "update_by": null,
        "permission": 37,
        "type": "delete_all",
        "navigation_view": "gprpnewupl"
    }
},
{
    "model": "users.permissionnavigation",
    "pk": 450,
    "fields": {
        "creation_date": "2022-09-15T17:03:21.439",
        "created_by": null,
        "update_date": "2022-09-15T17:03:21.439",
        "update_by": null,
        "permission": 37,
        "type": "export",
        "navigation_view": "gprpnewupl"
    }
},
{
    "model": "users.permissionnavigation",
    "pk": 451,
    "fields": {
        "creation_date": "2022-09-15T17:03:21.439",
        "created_by": null,
        "update_date": "2022-09-15T17:03:21.439",
        "update_by": null,
        "permission": 37,
        "type": "read_all",
        "navigation_view": "gprphistor"
    }
},
{
    "model": "users.permissionnavigation",
    "pk": 452,
    "fields": {
        "creation_date": "2022-09-15T17:03:21.439",
        "created_by": null,
        "update_date": "2022-09-15T17:03:21.439",
        "update_by": null,
        "permission": 37,
        "type": "add_all",
        "navigation_view": "gprphistor"
    }
},
{
    "model": "users.permissionnavigation",
    "pk": 453,
    "fields": {
        "creation_date": "2022-09-15T17:03:21.439",
        "created_by": null,
        "update_date": "2022-09-15T17:03:21.439",
        "update_by": null,
        "permission": 37,
        "type": "edit_all",
        "navigation_view": "gprphistor"
    }
},
{
    "model": "users.permissionnavigation",
    "pk": 454,
    "fields": {
        "creation_date": "2022-09-15T17:03:21.439",
        "created_by": null,
        "update_date": "2022-09-15T17:03:21.439",
        "update_by": null,
        "permission": 37,
        "type": "delete_all",
        "navigation_view": "gprphistor"
    }
},
{
    "model": "users.permissionnavigation",
    "pk": 455,
    "fields": {
        "creation_date": "2022-09-15T17:03:21.439",
        "created_by": null,
        "update_date": "2022-09-15T17:03:21.439",
        "update_by": null,
        "permission": 37,
        "type": "export",
        "navigation_view": "gprphistor"
    }
},
{
    "model": "users.permissionnavigation",
    "pk": 456,
    "fields": {
        "creation_date": "2022-09-15T17:03:21.439",
        "created_by": null,
        "update_date": "2022-09-15T17:03:21.439",
        "update_by": null,
        "permission": 37,
        "type": "read_all",
        "navigation_view": "regnrewcon"
    }
},
{
    "model": "users.permissionnavigation",
    "pk": 457,
    "fields": {
        "creation_date": "2022-09-15T17:03:21.439",
        "created_by": null,
        "update_date": "2022-09-15T17:03:21.439",
        "update_by": null,
        "permission": 37,
        "type": "add_all",
        "navigation_view": "regnrewcon"
    }
},
{
    "model": "users.permissionnavigation",
    "pk": 458,
    "fields": {
        "creation_date": "2022-09-15T17:03:21.439",
        "created_by": null,
        "update_date": "2022-09-15T17:03:21.439",
        "update_by": null,
        "permission": 37,
        "type": "edit_all",
        "navigation_view": "regnrewcon"
    }
},
{
    "model": "users.permissionnavigation",
    "pk": 459,
    "fields": {
        "creation_date": "2022-09-15T17:03:21.439",
        "created_by": null,
        "update_date": "2022-09-15T17:03:21.439",
        "update_by": null,
        "permission": 37,
        "type": "delete_all",
        "navigation_view": "regnrewcon"
    }
},
{
    "model": "users.permissionnavigation",
    "pk": 460,
    "fields": {
        "creation_date": "2022-09-15T17:03:21.439",
        "created_by": null,
        "update_date": "2022-09-15T17:03:21.439",
        "update_by": null,
        "permission": 37,
        "type": "export",
        "navigation_view": "regnrewcon"
    }
},
{
    "model": "users.permissionnavigation",
    "pk": 464,
    "fields": {
        "creation_date": "2022-09-16T16:13:26.721",
        "created_by": null,
        "update_date": "2022-09-16T16:13:26.721",
        "update_by": null,
        "permission": 39,
        "type": "read_filter",
        "navigation_view": "gescarcart"
    }
},
{
    "model": "users.permissionnavigation",
    "pk": 466,
    "fields": {
        "creation_date": "2022-09-16T16:13:26.721",
        "created_by": null,
        "update_date": "2022-09-16T16:13:26.721",
        "update_by": null,
        "permission": 39,
        "type": "read_filter",
        "navigation_view": "gescardato"
    }
},
{
    "model": "users.permissionnavigation",
    "pk": 467,
    "fields": {
        "creation_date": "2022-09-16T16:13:26.930",
        "created_by": null,
        "update_date": "2022-09-16T16:13:26.930",
        "update_by": null,
        "permission": 40,
        "type": "read_filter",
        "navigation_view": "gescarcart"
    }
},
{
    "model": "users.permissionnavigation",
    "pk": 469,
    "fields": {
        "creation_date": "2022-09-16T16:13:26.930",
        "created_by": null,
        "update_date": "2022-09-16T16:13:26.930",
        "update_by": null,
        "permission": 40,
        "type": "read_filter",
        "navigation_view": "gescardato"
    }
},
{
    "model": "users.permissionnavigation",
    "pk": 470,
    "fields": {
        "creation_date": "2022-09-16T16:13:27.080",
        "created_by": null,
        "update_date": "2022-09-16T16:13:27.080",
        "update_by": null,
        "permission": 41,
        "type": "read_filter",
        "navigation_view": "gescarcart"
    }
},
{
    "model": "users.permissionnavigation",
    "pk": 472,
    "fields": {
        "creation_date": "2022-09-16T16:13:27.080",
        "created_by": null,
        "update_date": "2022-09-16T16:13:27.080",
        "update_by": null,
        "permission": 41,
        "type": "read_filter",
        "navigation_view": "gescardato"
    }
},
{
    "model": "users.permissionnavigation",
    "pk": 475,
    "fields": {
        "creation_date": "2022-09-16T16:13:43.334",
        "created_by": null,
        "update_date": "2022-09-16T16:13:43.334",
        "update_by": null,
        "permission": 42,
        "type": "read_filter",
        "navigation_view": "gescarcart"
    }
},
{
    "model": "users.permissionnavigation",
    "pk": 476,
    "fields": {
        "creation_date": "2022-09-16T16:13:43.334",
        "created_by": null,
        "update_date": "2022-09-16T16:13:43.334",
        "update_by": null,
        "permission": 42,
        "type": "read_filter",
        "navigation_view": "gescardato"
    }
},
{
    "model": "users.permissionnavigation",
    "pk": 477,
    "fields": {
        "creation_date": "2022-09-16T16:13:43.334",
        "created_by": null,
        "update_date": "2022-09-16T16:13:43.334",
        "update_by": null,
        "permission": 42,
        "type": "add_filter",
        "navigation_view": "gprpregist"
    }
},
{
    "model": "users.permissionnavigation",
    "pk": 478,
    "fields": {
        "creation_date": "2022-09-30T14:16:35.610",
        "created_by": null,
        "update_date": "2022-09-30T14:16:35.610",
        "update_by": null,
        "permission": 43,
        "type": "read_all",
        "navigation_view": "gescarcart"
    }
},
{
    "model": "users.permissionnavigation",
    "pk": 479,
    "fields": {
        "creation_date": "2022-09-30T14:16:35.610",
        "created_by": null,
        "update_date": "2022-09-30T14:16:35.610",
        "update_by": null,
        "permission": 43,
        "type": "add_all",
        "navigation_view": "gescarcart"
    }
},
{
    "model": "users.permissionnavigation",
    "pk": 480,
    "fields": {
        "creation_date": "2022-09-30T14:16:35.610",
        "created_by": null,
        "update_date": "2022-09-30T14:16:35.610",
        "update_by": null,
        "permission": 43,
        "type": "edit_all",
        "navigation_view": "gescarcart"
    }
},
{
    "model": "users.permissionnavigation",
    "pk": 481,
    "fields": {
        "creation_date": "2022-09-30T14:16:35.610",
        "created_by": null,
        "update_date": "2022-09-30T14:16:35.610",
        "update_by": null,
        "permission": 43,
        "type": "delete_all",
        "navigation_view": "gescarcart"
    }
},
{
    "model": "users.permissionnavigation",
    "pk": 482,
    "fields": {
        "creation_date": "2022-09-30T14:16:35.610",
        "created_by": null,
        "update_date": "2022-09-30T14:16:35.610",
        "update_by": null,
        "permission": 43,
        "type": "export",
        "navigation_view": "gescarcart"
    }
},
{
    "model": "users.permissionnavigation",
    "pk": 483,
    "fields": {
        "creation_date": "2022-09-30T14:16:35.610",
        "created_by": null,
        "update_date": "2022-09-30T14:16:35.610",
        "update_by": null,
        "permission": 43,
        "type": "read_all",
        "navigation_view": "gprpnewupl"
    }
},
{
    "model": "users.permissionnavigation",
    "pk": 484,
    "fields": {
        "creation_date": "2022-09-30T14:16:35.610",
        "created_by": null,
        "update_date": "2022-09-30T14:16:35.610",
        "update_by": null,
        "permission": 43,
        "type": "add_all",
        "navigation_view": "gprpnewupl"
    }
},
{
    "model": "users.permissionnavigation",
    "pk": 485,
    "fields": {
        "creation_date": "2022-09-30T14:16:35.610",
        "created_by": null,
        "update_date": "2022-09-30T14:16:35.610",
        "update_by": null,
        "permission": 43,
        "type": "edit_all",
        "navigation_view": "gprpnewupl"
    }
},
{
    "model": "users.permissionnavigation",
    "pk": 486,
    "fields": {
        "creation_date": "2022-09-30T14:16:35.610",
        "created_by": null,
        "update_date": "2022-09-30T14:16:35.610",
        "update_by": null,
        "permission": 43,
        "type": "delete_all",
        "navigation_view": "gprpnewupl"
    }
},
{
    "model": "users.permissionnavigation",
    "pk": 487,
    "fields": {
        "creation_date": "2022-09-30T14:16:35.610",
        "created_by": null,
        "update_date": "2022-09-30T14:16:35.610",
        "update_by": null,
        "permission": 43,
        "type": "export",
        "navigation_view": "gprpnewupl"
    }
},
{
    "model": "users.permissionnavigation",
    "pk": 492,
    "fields": {
        "creation_date": "2022-10-06T23:23:53.781",
        "created_by": null,
        "update_date": "2022-10-06T23:23:53.781",
        "update_by": null,
        "permission": 45,
        "type": "read_filter",
        "navigation_view": "gprpregist"
    }
},
{
    "model": "users.permissionnavigation",
    "pk": 493,
    "fields": {
        "creation_date": "2022-10-06T23:23:53.781",
        "created_by": null,
        "update_date": "2022-10-06T23:23:53.781",
        "update_by": null,
        "permission": 45,
        "type": "add_filter",
        "navigation_view": "gprpregist"
    }
},
{
    "model": "users.permissionnavigation",
    "pk": 494,
    "fields": {
        "creation_date": "2022-10-06T23:23:53.781",
        "created_by": null,
        "update_date": "2022-10-06T23:23:53.781",
        "update_by": null,
        "permission": 45,
        "type": "edit_filter",
        "navigation_view": "gprpregist"
    }
},
{
    "model": "users.permissionnavigation",
    "pk": 495,
    "fields": {
        "creation_date": "2022-10-06T23:23:53.781",
        "created_by": null,
        "update_date": "2022-10-06T23:23:53.781",
        "update_by": null,
        "permission": 45,
        "type": "export",
        "navigation_view": "gprpregist"
    }
},
{
    "model": "users.permissionnavigation",
    "pk": 496,
    "fields": {
        "creation_date": "2022-10-06T23:23:53.781",
        "created_by": null,
        "update_date": "2022-10-06T23:23:53.781",
        "update_by": null,
        "permission": 45,
        "type": "read_filter",
        "navigation_view": "regnrewcon"
    }
},
{
    "model": "users.permissionnavigation",
    "pk": 497,
    "fields": {
        "creation_date": "2022-10-06T23:23:53.781",
        "created_by": null,
        "update_date": "2022-10-06T23:23:53.781",
        "update_by": null,
        "permission": 45,
        "type": "add_filter",
        "navigation_view": "regnrewcon"
    }
},
{
    "model": "users.permissionnavigation",
    "pk": 498,
    "fields": {
        "creation_date": "2022-10-06T23:23:53.781",
        "created_by": null,
        "update_date": "2022-10-06T23:23:53.781",
        "update_by": null,
        "permission": 45,
        "type": "edit_filter",
        "navigation_view": "regnrewcon"
    }
},
{
    "model": "users.permissionnavigation",
    "pk": 499,
    "fields": {
        "creation_date": "2022-10-06T23:23:53.781",
        "created_by": null,
        "update_date": "2022-10-06T23:23:53.781",
        "update_by": null,
        "permission": 45,
        "type": "export",
        "navigation_view": "regnrewcon"
    }
},
{
    "model": "users.permissionnavigation",
    "pk": 500,
    "fields": {
        "creation_date": "2022-10-06T23:40:42.339",
        "created_by": null,
        "update_date": "2022-10-06T23:40:42.339",
        "update_by": null,
        "permission": 46,
        "type": "edit_filter",
        "navigation_view": "gprpregist"
    }
},
{
    "model": "users.permissionnavigation",
    "pk": 501,
    "fields": {
        "creation_date": "2022-10-06T23:40:42.339",
        "created_by": null,
        "update_date": "2022-10-06T23:40:42.339",
        "update_by": null,
        "permission": 46,
        "type": "edit_filter",
        "navigation_view": "gprpnewupl"
    }
},
{
    "model": "users.permissionnavigation",
    "pk": 503,
    "fields": {
        "creation_date": "2022-10-06T23:44:14.820",
        "created_by": null,
        "update_date": "2022-10-06T23:44:14.820",
        "update_by": null,
        "permission": 47,
        "type": "read_filter",
        "navigation_view": "gescarcart"
    }
},
{
    "model": "users.permissionnavigation",
    "pk": 504,
    "fields": {
        "creation_date": "2022-10-06T23:44:14.820",
        "created_by": null,
        "update_date": "2022-10-06T23:44:14.820",
        "update_by": null,
        "permission": 47,
        "type": "add_filter",
        "navigation_view": "gescarcart"
    }
},
{
    "model": "users.permissionnavigation",
    "pk": 505,
    "fields": {
        "creation_date": "2022-10-06T23:44:14.820",
        "created_by": null,
        "update_date": "2022-10-06T23:44:14.820",
        "update_by": null,
        "permission": 47,
        "type": "edit_filter",
        "navigation_view": "gescarcart"
    }
},
{
    "model": "users.permissionnavigation",
    "pk": 506,
    "fields": {
        "creation_date": "2022-10-06T23:44:14.820",
        "created_by": null,
        "update_date": "2022-10-06T23:44:14.820",
        "update_by": null,
        "permission": 47,
        "type": "read_filter",
        "navigation_view": "gescardato"
    }
},
{
    "model": "users.permissionnavigation",
    "pk": 507,
    "fields": {
        "creation_date": "2022-10-06T23:44:14.820",
        "created_by": null,
        "update_date": "2022-10-06T23:44:14.820",
        "update_by": null,
        "permission": 47,
        "type": "add_filter",
        "navigation_view": "gescardato"
    }
},
{
    "model": "users.permissionnavigation",
    "pk": 508,
    "fields": {
        "creation_date": "2022-10-06T23:44:14.820",
        "created_by": null,
        "update_date": "2022-10-06T23:44:14.820",
        "update_by": null,
        "permission": 47,
        "type": "edit_filter",
        "navigation_view": "gescardato"
    }
},
{
    "model": "users.permissionnavigation",
    "pk": 509,
    "fields": {
        "creation_date": "2022-10-06T23:44:14.820",
        "created_by": null,
        "update_date": "2022-10-06T23:44:14.820",
        "update_by": null,
        "permission": 47,
        "type": "edit_filter",
        "navigation_view": "regnrewcon"
    }
},
{
    "model": "users.permissionnavigation",
    "pk": 510,
    "fields": {
        "creation_date": "2022-10-06T23:44:14.820",
        "created_by": null,
        "update_date": "2022-10-06T23:44:14.820",
        "update_by": null,
        "permission": 47,
        "type": "read_filter",
        "navigation_view": "repocarto"
    }
},
{
    "model": "users.permissionnavigation",
    "pk": 511,
    "fields": {
        "creation_date": "2022-10-06T23:44:14.820",
        "created_by": null,
        "update_date": "2022-10-06T23:44:14.820",
        "update_by": null,
        "permission": 47,
        "type": "read_filter",
        "navigation_view": "repositua"
    }
},
{
    "model": "users.permissionnavigation",
    "pk": 516,
    "fields": {
        "creation_date": "2022-10-10T07:14:01.248",
        "created_by": "admin",
        "update_date": "2022-10-10T07:14:01.248",
        "update_by": "admin",
        "permission": 46,
        "type": "edit_filter",
        "navigation_view": "gprphistor"
    }
},
{
    "model": "users.permissionnavigation",
    "pk": 517,
    "fields": {
        "creation_date": "2022-10-13T19:16:49.965",
        "created_by": "admin",
        "update_date": "2022-10-13T19:16:49.965",
        "update_by": "admin",
        "permission": 47,
        "type": "read_filter",
        "navigation_view": "regnrewcon"
    }
},
{
    "model": "users.permissionnavigation",
    "pk": 518,
    "fields": {
        "creation_date": "2022-10-17T08:32:59.972",
        "created_by": null,
        "update_date": "2022-10-17T08:32:59.972",
        "update_by": null,
        "permission": 48,
        "type": "read_all",
        "navigation_view": "gescarcart"
    }
},
{
    "model": "users.permissionnavigation",
    "pk": 519,
    "fields": {
        "creation_date": "2022-10-17T08:32:59.972",
        "created_by": null,
        "update_date": "2022-10-17T08:32:59.972",
        "update_by": null,
        "permission": 48,
        "type": "add_all",
        "navigation_view": "gescarcart"
    }
},
{
    "model": "users.permissionnavigation",
    "pk": 520,
    "fields": {
        "creation_date": "2022-10-17T08:32:59.972",
        "created_by": null,
        "update_date": "2022-10-17T08:32:59.972",
        "update_by": null,
        "permission": 48,
        "type": "edit_all",
        "navigation_view": "gescarcart"
    }
},
{
    "model": "users.permissionnavigation",
    "pk": 521,
    "fields": {
        "creation_date": "2022-10-17T08:32:59.972",
        "created_by": null,
        "update_date": "2022-10-17T08:32:59.972",
        "update_by": null,
        "permission": 48,
        "type": "delete_filter",
        "navigation_view": "gescarcart"
    }
},
{
    "model": "users.permissionnavigation",
    "pk": 522,
    "fields": {
        "creation_date": "2022-10-17T08:32:59.972",
        "created_by": null,
        "update_date": "2022-10-17T08:32:59.972",
        "update_by": null,
        "permission": 48,
        "type": "read_all",
        "navigation_view": "gescardato"
    }
},
{
    "model": "users.permissionnavigation",
    "pk": 523,
    "fields": {
        "creation_date": "2022-10-17T08:32:59.972",
        "created_by": null,
        "update_date": "2022-10-17T08:32:59.972",
        "update_by": null,
        "permission": 48,
        "type": "add_all",
        "navigation_view": "gescardato"
    }
},
{
    "model": "users.permissionnavigation",
    "pk": 524,
    "fields": {
        "creation_date": "2022-10-17T08:32:59.972",
        "created_by": null,
        "update_date": "2022-10-17T08:32:59.972",
        "update_by": null,
        "permission": 48,
        "type": "edit_all",
        "navigation_view": "gescardato"
    }
},
{
    "model": "users.permissionnavigation",
    "pk": 525,
    "fields": {
        "creation_date": "2022-10-17T08:32:59.972",
        "created_by": null,
        "update_date": "2022-10-17T08:32:59.972",
        "update_by": null,
        "permission": 48,
        "type": "delete_filter",
        "navigation_view": "gescardato"
    }
},
{
    "model": "users.permissionnavigation",
    "pk": 526,
    "fields": {
        "creation_date": "2022-10-17T08:32:59.972",
        "created_by": null,
        "update_date": "2022-10-17T08:32:59.972",
        "update_by": null,
        "permission": 48,
        "type": "read_all",
        "navigation_view": "gprpregist"
    }
},
{
    "model": "users.permissionnavigation",
    "pk": 527,
    "fields": {
        "creation_date": "2022-10-17T08:32:59.972",
        "created_by": null,
        "update_date": "2022-10-17T08:32:59.972",
        "update_by": null,
        "permission": 48,
        "type": "add_all",
        "navigation_view": "gprpregist"
    }
},
{
    "model": "users.permissionnavigation",
    "pk": 528,
    "fields": {
        "creation_date": "2022-10-17T08:32:59.972",
        "created_by": null,
        "update_date": "2022-10-17T08:32:59.972",
        "update_by": null,
        "permission": 48,
        "type": "edit_all",
        "navigation_view": "gprpregist"
    }
},
{
    "model": "users.permissionnavigation",
    "pk": 529,
    "fields": {
        "creation_date": "2022-10-17T08:32:59.972",
        "created_by": null,
        "update_date": "2022-10-17T08:32:59.972",
        "update_by": null,
        "permission": 48,
        "type": "delete_filter",
        "navigation_view": "gprpregist"
    }
},
{
    "model": "users.permissionnavigation",
    "pk": 530,
    "fields": {
        "creation_date": "2022-10-17T08:32:59.972",
        "created_by": null,
        "update_date": "2022-10-17T08:32:59.972",
        "update_by": null,
        "permission": 48,
        "type": "read_all",
        "navigation_view": "gprpnewupl"
    }
},
{
    "model": "users.permissionnavigation",
    "pk": 531,
    "fields": {
        "creation_date": "2022-10-17T08:32:59.972",
        "created_by": null,
        "update_date": "2022-10-17T08:32:59.972",
        "update_by": null,
        "permission": 48,
        "type": "add_all",
        "navigation_view": "gprpnewupl"
    }
},
{
    "model": "users.permissionnavigation",
    "pk": 532,
    "fields": {
        "creation_date": "2022-10-17T08:32:59.972",
        "created_by": null,
        "update_date": "2022-10-17T08:32:59.972",
        "update_by": null,
        "permission": 48,
        "type": "edit_all",
        "navigation_view": "gprpnewupl"
    }
},
{
    "model": "users.permissionnavigation",
    "pk": 533,
    "fields": {
        "creation_date": "2022-10-17T08:32:59.972",
        "created_by": null,
        "update_date": "2022-10-17T08:32:59.972",
        "update_by": null,
        "permission": 48,
        "type": "delete_filter",
        "navigation_view": "gprpnewupl"
    }
},
{
    "model": "users.permissionnavigation",
    "pk": 534,
    "fields": {
        "creation_date": "2022-10-17T08:32:59.972",
        "created_by": null,
        "update_date": "2022-10-17T08:32:59.972",
        "update_by": null,
        "permission": 48,
        "type": "read_all",
        "navigation_view": "gprphistor"
    }
},
{
    "model": "users.permissionnavigation",
    "pk": 535,
    "fields": {
        "creation_date": "2022-10-17T08:32:59.972",
        "created_by": null,
        "update_date": "2022-10-17T08:32:59.972",
        "update_by": null,
        "permission": 48,
        "type": "add_all",
        "navigation_view": "gprphistor"
    }
},
{
    "model": "users.permissionnavigation",
    "pk": 536,
    "fields": {
        "creation_date": "2022-10-17T08:32:59.972",
        "created_by": null,
        "update_date": "2022-10-17T08:32:59.972",
        "update_by": null,
        "permission": 48,
        "type": "edit_all",
        "navigation_view": "gprphistor"
    }
},
{
    "model": "users.permissionnavigation",
    "pk": 537,
    "fields": {
        "creation_date": "2022-10-17T08:32:59.972",
        "created_by": null,
        "update_date": "2022-10-17T08:32:59.972",
        "update_by": null,
        "permission": 48,
        "type": "delete_filter",
        "navigation_view": "gprphistor"
    }
},
{
    "model": "users.permissionnavigation",
    "pk": 538,
    "fields": {
        "creation_date": "2022-10-17T08:32:59.972",
        "created_by": null,
        "update_date": "2022-10-17T08:32:59.972",
        "update_by": null,
        "permission": 48,
        "type": "read_all",
        "navigation_view": "regnrewcon"
    }
},
{
    "model": "users.permissionnavigation",
    "pk": 539,
    "fields": {
        "creation_date": "2022-10-17T08:32:59.972",
        "created_by": null,
        "update_date": "2022-10-17T08:32:59.972",
        "update_by": null,
        "permission": 48,
        "type": "add_all",
        "navigation_view": "regnrewcon"
    }
},
{
    "model": "users.permissionnavigation",
    "pk": 540,
    "fields": {
        "creation_date": "2022-10-17T08:32:59.972",
        "created_by": null,
        "update_date": "2022-10-17T08:32:59.972",
        "update_by": null,
        "permission": 48,
        "type": "edit_all",
        "navigation_view": "regnrewcon"
    }
},
{
    "model": "users.permissionnavigation",
    "pk": 541,
    "fields": {
        "creation_date": "2022-10-17T08:32:59.973",
        "created_by": null,
        "update_date": "2022-10-17T08:32:59.973",
        "update_by": null,
        "permission": 48,
        "type": "delete_filter",
        "navigation_view": "regnrewcon"
    }
},
{
    "model": "users.permissionnavigation",
    "pk": 542,
    "fields": {
        "creation_date": "2022-10-17T08:32:59.973",
        "created_by": null,
        "update_date": "2022-10-17T08:32:59.973",
        "update_by": null,
        "permission": 48,
        "type": "read_all",
        "navigation_view": "repocarto"
    }
},
{
    "model": "users.permissionnavigation",
    "pk": 543,
    "fields": {
        "creation_date": "2022-10-17T08:32:59.973",
        "created_by": null,
        "update_date": "2022-10-17T08:32:59.973",
        "update_by": null,
        "permission": 48,
        "type": "add_all",
        "navigation_view": "repocarto"
    }
},
{
    "model": "users.permissionnavigation",
    "pk": 544,
    "fields": {
        "creation_date": "2022-10-17T08:32:59.973",
        "created_by": null,
        "update_date": "2022-10-17T08:32:59.973",
        "update_by": null,
        "permission": 48,
        "type": "edit_all",
        "navigation_view": "repocarto"
    }
},
{
    "model": "users.permissionnavigation",
    "pk": 545,
    "fields": {
        "creation_date": "2022-10-17T08:32:59.973",
        "created_by": null,
        "update_date": "2022-10-17T08:32:59.973",
        "update_by": null,
        "permission": 48,
        "type": "delete_filter",
        "navigation_view": "repocarto"
    }
},
{
    "model": "users.permissionnavigation",
    "pk": 546,
    "fields": {
        "creation_date": "2022-10-17T08:32:59.973",
        "created_by": null,
        "update_date": "2022-10-17T08:32:59.973",
        "update_by": null,
        "permission": 48,
        "type": "read_all",
        "navigation_view": "repositua"
    }
},
{
    "model": "users.permissionnavigation",
    "pk": 547,
    "fields": {
        "creation_date": "2022-10-17T08:32:59.973",
        "created_by": null,
        "update_date": "2022-10-17T08:32:59.973",
        "update_by": null,
        "permission": 48,
        "type": "add_all",
        "navigation_view": "repositua"
    }
},
{
    "model": "users.permissionnavigation",
    "pk": 548,
    "fields": {
        "creation_date": "2022-10-17T08:32:59.973",
        "created_by": null,
        "update_date": "2022-10-17T08:32:59.973",
        "update_by": null,
        "permission": 48,
        "type": "edit_all",
        "navigation_view": "repositua"
    }
},
{
    "model": "users.permissionnavigation",
    "pk": 549,
    "fields": {
        "creation_date": "2022-10-17T08:32:59.973",
        "created_by": null,
        "update_date": "2022-10-17T08:32:59.973",
        "update_by": null,
        "permission": 48,
        "type": "delete_filter",
        "navigation_view": "repositua"
    }
},
{
    "model": "users.permissionnavigation",
    "pk": 550,
    "fields": {
        "creation_date": "2022-10-19T15:03:53.969",
        "created_by": null,
        "update_date": "2022-10-19T15:03:53.969",
        "update_by": null,
        "permission": 49,
        "type": "read_all",
        "navigation_view": "gesvalo"
    }
},
{
    "model": "users.permissionnavigation",
    "pk": 551,
    "fields": {
        "creation_date": "2022-10-19T15:03:53.969",
        "created_by": null,
        "update_date": "2022-10-19T15:03:53.969",
        "update_by": null,
        "permission": 49,
        "type": "read_all",
        "navigation_view": "gescargeo"
    }
},
{
    "model": "users.permissionnavigation",
    "pk": 552,
    "fields": {
        "creation_date": "2022-10-19T15:03:53.969",
        "created_by": null,
        "update_date": "2022-10-19T15:03:53.969",
        "update_by": null,
        "permission": 49,
        "type": "read_all",
        "navigation_view": "gescarcart"
    }
},
{
    "model": "users.permissionnavigation",
    "pk": 553,
    "fields": {
        "creation_date": "2022-10-19T15:03:53.969",
        "created_by": null,
        "update_date": "2022-10-19T15:03:53.969",
        "update_by": null,
        "permission": 49,
        "type": "read_all",
        "navigation_view": "gescardato"
    }
},
{
    "model": "users.permissionnavigation",
    "pk": 554,
    "fields": {
        "creation_date": "2022-10-19T15:03:53.969",
        "created_by": null,
        "update_date": "2022-10-19T15:03:53.969",
        "update_by": null,
        "permission": 49,
        "type": "read_all",
        "navigation_view": "gprpregist"
    }
},
{
    "model": "users.permissionnavigation",
    "pk": 555,
    "fields": {
        "creation_date": "2022-10-19T15:03:53.969",
        "created_by": null,
        "update_date": "2022-10-19T15:03:53.969",
        "update_by": null,
        "permission": 49,
        "type": "read_all",
        "navigation_view": "gprpnewupl"
    }
},
{
    "model": "users.permissionnavigation",
    "pk": 556,
    "fields": {
        "creation_date": "2022-10-19T15:03:53.969",
        "created_by": null,
        "update_date": "2022-10-19T15:03:53.969",
        "update_by": null,
        "permission": 49,
        "type": "read_all",
        "navigation_view": "gprphistor"
    }
},
{
    "model": "users.permissionnavigation",
    "pk": 557,
    "fields": {
        "creation_date": "2022-10-19T15:03:53.969",
        "created_by": null,
        "update_date": "2022-10-19T15:03:53.969",
        "update_by": null,
        "permission": 49,
        "type": "read_all",
        "navigation_view": "regnrewcon"
    }
},
{
    "model": "users.permissionnavigation",
    "pk": 558,
    "fields": {
        "creation_date": "2022-10-19T15:03:53.969",
        "created_by": null,
        "update_date": "2022-10-19T15:03:53.969",
        "update_by": null,
        "permission": 49,
        "type": "read_all",
        "navigation_view": "repocarto"
    }
},
{
    "model": "users.permissionnavigation",
    "pk": 559,
    "fields": {
        "creation_date": "2022-10-19T15:03:53.969",
        "created_by": null,
        "update_date": "2022-10-19T15:03:53.969",
        "update_by": null,
        "permission": 49,
        "type": "read_all",
        "navigation_view": "repositua"
    }
},
{
    "model": "users.permissionnavigation",
    "pk": 560,
    "fields": {
        "creation_date": "2022-10-28T21:55:26.891",
        "created_by": "admin",
        "update_date": "2022-10-28T21:55:26.891",
        "update_by": "admin",
        "permission": 37,
        "type": "read_all",
        "navigation_view": "gesvalo"
    }
},
{
    "model": "users.permissionnavigation",
    "pk": 561,
    "fields": {
        "creation_date": "2022-10-28T21:55:26.894",
        "created_by": "admin",
        "update_date": "2022-10-28T21:55:26.895",
        "update_by": "admin",
        "permission": 37,
        "type": "add_all",
        "navigation_view": "gesvalo"
    }
},
{
    "model": "users.permissionnavigation",
    "pk": 562,
    "fields": {
        "creation_date": "2022-10-28T21:55:26.896",
        "created_by": "admin",
        "update_date": "2022-10-28T21:55:26.896",
        "update_by": "admin",
        "permission": 37,
        "type": "edit_all",
        "navigation_view": "gesvalo"
    }
},
{
    "model": "users.permissionnavigation",
    "pk": 563,
    "fields": {
        "creation_date": "2022-10-28T21:55:26.898",
        "created_by": "admin",
        "update_date": "2022-10-28T21:55:26.898",
        "update_by": "admin",
        "permission": 37,
        "type": "delete_all",
        "navigation_view": "gesvalo"
    }
},
{
    "model": "users.permissionnavigation",
    "pk": 564,
    "fields": {
        "creation_date": "2022-10-28T21:55:26.899",
        "created_by": "admin",
        "update_date": "2022-10-28T21:55:26.899",
        "update_by": "admin",
        "permission": 37,
        "type": "export",
        "navigation_view": "gesvalo"
    }
},
{
    "model": "users.permissionnavigation",
    "pk": 565,
    "fields": {
        "creation_date": "2022-10-28T21:55:26.901",
        "created_by": "admin",
        "update_date": "2022-10-28T21:55:26.901",
        "update_by": "admin",
        "permission": 37,
        "type": "read_all",
        "navigation_view": "gescargeo"
    }
},
{
    "model": "users.permissionnavigation",
    "pk": 566,
    "fields": {
        "creation_date": "2022-10-28T21:55:26.903",
        "created_by": "admin",
        "update_date": "2022-10-28T21:55:26.903",
        "update_by": "admin",
        "permission": 37,
        "type": "add_all",
        "navigation_view": "gescargeo"
    }
},
{
    "model": "users.permissionnavigation",
    "pk": 567,
    "fields": {
        "creation_date": "2022-10-28T21:55:26.904",
        "created_by": "admin",
        "update_date": "2022-10-28T21:55:26.904",
        "update_by": "admin",
        "permission": 37,
        "type": "edit_all",
        "navigation_view": "gescargeo"
    }
},
{
    "model": "users.permissionnavigation",
    "pk": 568,
    "fields": {
        "creation_date": "2022-10-28T21:55:26.906",
        "created_by": "admin",
        "update_date": "2022-10-28T21:55:26.906",
        "update_by": "admin",
        "permission": 37,
        "type": "delete_all",
        "navigation_view": "gescargeo"
    }
},
{
    "model": "users.permissionnavigation",
    "pk": 569,
    "fields": {
        "creation_date": "2022-10-28T21:55:26.907",
        "created_by": "admin",
        "update_date": "2022-10-28T21:55:26.907",
        "update_by": "admin",
        "permission": 37,
        "type": "export",
        "navigation_view": "gescargeo"
    }
},
{
    "model": "users.permissionnavigation",
    "pk": 570,
    "fields": {
        "creation_date": "2022-10-28T21:55:26.957",
        "created_by": "admin",
        "update_date": "2022-10-28T21:55:26.957",
        "update_by": "admin",
        "permission": 37,
        "type": "read_all",
        "navigation_view": "repocarto"
    }
},
{
    "model": "users.permissionnavigation",
    "pk": 571,
    "fields": {
        "creation_date": "2022-10-28T21:55:26.958",
        "created_by": "admin",
        "update_date": "2022-10-28T21:55:26.958",
        "update_by": "admin",
        "permission": 37,
        "type": "add_all",
        "navigation_view": "repocarto"
    }
},
{
    "model": "users.permissionnavigation",
    "pk": 572,
    "fields": {
        "creation_date": "2022-10-28T21:55:26.960",
        "created_by": "admin",
        "update_date": "2022-10-28T21:55:26.960",
        "update_by": "admin",
        "permission": 37,
        "type": "edit_all",
        "navigation_view": "repocarto"
    }
},
{
    "model": "users.permissionnavigation",
    "pk": 573,
    "fields": {
        "creation_date": "2022-10-28T21:55:26.962",
        "created_by": "admin",
        "update_date": "2022-10-28T21:55:26.962",
        "update_by": "admin",
        "permission": 37,
        "type": "delete_all",
        "navigation_view": "repocarto"
    }
},
{
    "model": "users.permissionnavigation",
    "pk": 574,
    "fields": {
        "creation_date": "2022-10-28T21:55:26.963",
        "created_by": "admin",
        "update_date": "2022-10-28T21:55:26.963",
        "update_by": "admin",
        "permission": 37,
        "type": "export",
        "navigation_view": "repocarto"
    }
},
{
    "model": "users.permissionnavigation",
    "pk": 575,
    "fields": {
        "creation_date": "2022-10-28T21:55:26.965",
        "created_by": "admin",
        "update_date": "2022-10-28T21:55:26.965",
        "update_by": "admin",
        "permission": 37,
        "type": "read_all",
        "navigation_view": "repositua"
    }
},
{
    "model": "users.permissionnavigation",
    "pk": 576,
    "fields": {
        "creation_date": "2022-10-28T21:55:26.966",
        "created_by": "admin",
        "update_date": "2022-10-28T21:55:26.966",
        "update_by": "admin",
        "permission": 37,
        "type": "add_all",
        "navigation_view": "repositua"
    }
},
{
    "model": "users.permissionnavigation",
    "pk": 577,
    "fields": {
        "creation_date": "2022-10-28T21:55:26.968",
        "created_by": "admin",
        "update_date": "2022-10-28T21:55:26.968",
        "update_by": "admin",
        "permission": 37,
        "type": "edit_all",
        "navigation_view": "repositua"
    }
},
{
    "model": "users.permissionnavigation",
    "pk": 578,
    "fields": {
        "creation_date": "2022-10-28T21:55:26.970",
        "created_by": "admin",
        "update_date": "2022-10-28T21:55:26.970",
        "update_by": "admin",
        "permission": 37,
        "type": "delete_all",
        "navigation_view": "repositua"
    }
},
{
    "model": "users.permissionnavigation",
    "pk": 579,
    "fields": {
        "creation_date": "2022-10-28T21:55:26.971",
        "created_by": "admin",
        "update_date": "2022-10-28T21:55:26.971",
        "update_by": "admin",
        "permission": 37,
        "type": "export",
        "navigation_view": "repositua"
    }
},
{
    "model": "users.permissionnavigation",
    "pk": 580,
    "fields": {
        "creation_date": "2022-10-28T21:55:26.973",
        "created_by": "admin",
        "update_date": "2022-10-28T21:55:26.973",
        "update_by": "admin",
        "permission": 37,
        "type": "read_all",
        "navigation_view": "asismanual"
    }
},
{
    "model": "users.permissionnavigation",
    "pk": 581,
    "fields": {
        "creation_date": "2022-10-28T21:55:26.975",
        "created_by": "admin",
        "update_date": "2022-10-28T21:55:26.975",
        "update_by": "admin",
        "permission": 37,
        "type": "add_all",
        "navigation_view": "asismanual"
    }
},
{
    "model": "users.permissionnavigation",
    "pk": 582,
    "fields": {
        "creation_date": "2022-10-28T21:55:26.976",
        "created_by": "admin",
        "update_date": "2022-10-28T21:55:26.976",
        "update_by": "admin",
        "permission": 37,
        "type": "edit_all",
        "navigation_view": "asismanual"
    }
},
{
    "model": "users.permissionnavigation",
    "pk": 583,
    "fields": {
        "creation_date": "2022-10-28T21:55:26.978",
        "created_by": "admin",
        "update_date": "2022-10-28T21:55:26.978",
        "update_by": "admin",
        "permission": 37,
        "type": "delete_all",
        "navigation_view": "asismanual"
    }
},
{
    "model": "users.permissionnavigation",
    "pk": 584,
    "fields": {
        "creation_date": "2022-10-28T21:55:26.979",
        "created_by": "admin",
        "update_date": "2022-10-28T21:55:26.979",
        "update_by": "admin",
        "permission": 37,
        "type": "export",
        "navigation_view": "asismanual"
    }
},
{
    "model": "users.permissionnavigation",
    "pk": 585,
    "fields": {
        "creation_date": "2022-10-28T22:08:54.226",
        "created_by": "90909090",
        "update_date": "2022-10-28T22:08:54.226",
        "update_by": "90909090",
        "permission": 39,
        "type": "read_filter",
        "navigation_view": "regnrewcon"
    }
},
{
    "model": "users.permissionnavigation",
    "pk": 586,
    "fields": {
        "creation_date": "2022-10-28T22:08:54.228",
        "created_by": "90909090",
        "update_date": "2022-10-28T22:08:54.228",
        "update_by": "90909090",
        "permission": 39,
        "type": "add_filter",
        "navigation_view": "regnrewcon"
    }
},
{
    "model": "users.permissionnavigation",
    "pk": 587,
    "fields": {
        "creation_date": "2022-10-28T22:08:54.229",
        "created_by": "90909090",
        "update_date": "2022-10-28T22:08:54.229",
        "update_by": "90909090",
        "permission": 39,
        "type": "edit_filter",
        "navigation_view": "regnrewcon"
    }
},
{
    "model": "users.permissionnavigation",
    "pk": 588,
    "fields": {
        "creation_date": "2022-10-28T22:08:54.231",
        "created_by": "90909090",
        "update_date": "2022-10-28T22:08:54.231",
        "update_by": "90909090",
        "permission": 39,
        "type": "delete_filter",
        "navigation_view": "regnrewcon"
    }
},
{
    "model": "users.permissionnavigation",
    "pk": 589,
    "fields": {
        "creation_date": "2022-10-28T22:08:54.233",
        "created_by": "90909090",
        "update_date": "2022-10-28T22:08:54.233",
        "update_by": "90909090",
        "permission": 39,
        "type": "read_filter",
        "navigation_view": "repocarto"
    }
},
{
    "model": "users.permissionnavigation",
    "pk": 590,
    "fields": {
        "creation_date": "2022-10-28T22:08:54.234",
        "created_by": "90909090",
        "update_date": "2022-10-28T22:08:54.234",
        "update_by": "90909090",
        "permission": 39,
        "type": "add_filter",
        "navigation_view": "repocarto"
    }
},
{
    "model": "users.permissionnavigation",
    "pk": 591,
    "fields": {
        "creation_date": "2022-10-28T22:08:54.236",
        "created_by": "90909090",
        "update_date": "2022-10-28T22:08:54.236",
        "update_by": "90909090",
        "permission": 39,
        "type": "edit_filter",
        "navigation_view": "repocarto"
    }
},
{
    "model": "users.permissionnavigation",
    "pk": 592,
    "fields": {
        "creation_date": "2022-10-28T22:08:54.237",
        "created_by": "90909090",
        "update_date": "2022-10-28T22:08:54.237",
        "update_by": "90909090",
        "permission": 39,
        "type": "delete_filter",
        "navigation_view": "repocarto"
    }
},
{
    "model": "users.permissionnavigation",
    "pk": 599,
    "fields": {
        "creation_date": "2022-11-10T17:48:59.595",
        "created_by": "admin",
        "update_date": "2022-11-10T17:48:59.595",
        "update_by": "admin",
        "permission": 37,
        "type": "read_all",
        "navigation_view": "asistutori"
    }
},
{
    "model": "users.permissionnavigation",
    "pk": 600,
    "fields": {
        "creation_date": "2022-11-10T17:48:59.596",
        "created_by": "admin",
        "update_date": "2022-11-10T17:48:59.596",
        "update_by": "admin",
        "permission": 37,
        "type": "add_all",
        "navigation_view": "asistutori"
    }
},
{
    "model": "users.permissionnavigation",
    "pk": 601,
    "fields": {
        "creation_date": "2022-11-10T17:48:59.598",
        "created_by": "admin",
        "update_date": "2022-11-10T17:48:59.598",
        "update_by": "admin",
        "permission": 37,
        "type": "edit_all",
        "navigation_view": "asistutori"
    }
},
{
    "model": "users.permissionnavigation",
    "pk": 602,
    "fields": {
        "creation_date": "2022-11-10T17:48:59.600",
        "created_by": "admin",
        "update_date": "2022-11-10T17:48:59.600",
        "update_by": "admin",
        "permission": 37,
        "type": "delete_all",
        "navigation_view": "asistutori"
    }
},
{
    "model": "users.permissionnavigation",
    "pk": 603,
    "fields": {
        "creation_date": "2022-11-10T17:48:59.601",
        "created_by": "admin",
        "update_date": "2022-11-10T17:48:59.601",
        "update_by": "admin",
        "permission": 37,
        "type": "export",
        "navigation_view": "asistutori"
    }
},
{
    "model": "users.permissionnavigation",
    "pk": 604,
    "fields": {
        "creation_date": "2022-11-10T17:48:59.603",
        "created_by": "admin",
        "update_date": "2022-11-10T17:48:59.603",
        "update_by": "admin",
        "permission": 37,
        "type": "read_all",
        "navigation_view": "asisfaq"
    }
},
{
    "model": "users.permissionnavigation",
    "pk": 605,
    "fields": {
        "creation_date": "2022-11-10T17:48:59.605",
        "created_by": "admin",
        "update_date": "2022-11-10T17:48:59.605",
        "update_by": "admin",
        "permission": 37,
        "type": "add_all",
        "navigation_view": "asisfaq"
    }
},
{
    "model": "users.permissionnavigation",
    "pk": 606,
    "fields": {
        "creation_date": "2022-11-10T17:48:59.606",
        "created_by": "admin",
        "update_date": "2022-11-10T17:48:59.606",
        "update_by": "admin",
        "permission": 37,
        "type": "edit_all",
        "navigation_view": "asisfaq"
    }
},
{
    "model": "users.permissionnavigation",
    "pk": 607,
    "fields": {
        "creation_date": "2022-11-10T17:48:59.608",
        "created_by": "admin",
        "update_date": "2022-11-10T17:48:59.608",
        "update_by": "admin",
        "permission": 37,
        "type": "delete_all",
        "navigation_view": "asisfaq"
    }
},
{
    "model": "users.permissionnavigation",
    "pk": 608,
    "fields": {
        "creation_date": "2022-11-10T17:48:59.609",
        "created_by": "admin",
        "update_date": "2022-11-10T17:48:59.609",
        "update_by": "admin",
        "permission": 37,
        "type": "export",
        "navigation_view": "asisfaq"
    }
},
{
    "model": "users.permissionnavigation",
    "pk": 609,
    "fields": {
        "creation_date": "2022-11-11T23:02:05.079",
        "created_by": "admin",
        "update_date": "2022-11-11T23:02:05.079",
        "update_by": "admin",
        "permission": 47,
        "type": "read_filter",
        "navigation_view": "gesvalo"
    }
},
{
    "model": "users.permissionnavigation",
    "pk": 610,
    "fields": {
        "creation_date": "2022-11-11T23:02:05.084",
        "created_by": "admin",
        "update_date": "2022-11-11T23:02:05.084",
        "update_by": "admin",
        "permission": 47,
        "type": "add_filter",
        "navigation_view": "gesvalo"
    }
},
{
    "model": "users.permissionnavigation",
    "pk": 611,
    "fields": {
        "creation_date": "2022-11-11T23:02:05.085",
        "created_by": "admin",
        "update_date": "2022-11-11T23:02:05.085",
        "update_by": "admin",
        "permission": 47,
        "type": "edit_filter",
        "navigation_view": "gesvalo"
    }
},
{
    "model": "users.permissionnavigation",
    "pk": 612,
    "fields": {
        "creation_date": "2022-11-11T23:02:05.087",
        "created_by": "admin",
        "update_date": "2022-11-11T23:02:05.087",
        "update_by": "admin",
        "permission": 47,
        "type": "export",
        "navigation_view": "gesvalo"
    }
},
{
    "model": "users.permissionnavigation",
    "pk": 613,
    "fields": {
        "creation_date": "2022-11-11T23:02:05.089",
        "created_by": "admin",
        "update_date": "2022-11-11T23:02:05.089",
        "update_by": "admin",
        "permission": 47,
        "type": "read_filter",
        "navigation_view": "gupermi"
    }
},
{
    "model": "users.permissionnavigation",
    "pk": 614,
    "fields": {
        "creation_date": "2022-11-11T23:02:05.090",
        "created_by": "admin",
        "update_date": "2022-11-11T23:02:05.090",
        "update_by": "admin",
        "permission": 47,
        "type": "add_filter",
        "navigation_view": "gupermi"
    }
},
{
    "model": "users.permissionnavigation",
    "pk": 615,
    "fields": {
        "creation_date": "2022-11-11T23:02:05.092",
        "created_by": "admin",
        "update_date": "2022-11-11T23:02:05.092",
        "update_by": "admin",
        "permission": 47,
        "type": "edit_filter",
        "navigation_view": "gupermi"
    }
},
{
    "model": "users.permissionnavigation",
    "pk": 616,
    "fields": {
        "creation_date": "2022-11-11T23:02:05.101",
        "created_by": "admin",
        "update_date": "2022-11-11T23:02:05.101",
        "update_by": "admin",
        "permission": 47,
        "type": "add_filter",
        "navigation_view": "regnrewcon"
    }
},
{
    "model": "users.permissionnavigation",
    "pk": 617,
    "fields": {
        "creation_date": "2023-01-18T15:11:52.196",
        "created_by": "admin",
        "update_date": "2023-01-18T15:11:52.196",
        "update_by": "admin",
        "permission": 48,
        "type": "read_all",
        "navigation_view": "gescargeo"
    }
},
{
    "model": "users.permissionnavigation",
    "pk": 618,
    "fields": {
        "creation_date": "2023-01-18T15:11:52.206",
        "created_by": "admin",
        "update_date": "2023-01-18T15:11:52.206",
        "update_by": "admin",
        "permission": 48,
        "type": "add_all",
        "navigation_view": "gescargeo"
    }
},
{
    "model": "users.permissionnavigation",
    "pk": 619,
    "fields": {
        "creation_date": "2023-01-18T15:11:52.207",
        "created_by": "admin",
        "update_date": "2023-01-18T15:11:52.207",
        "update_by": "admin",
        "permission": 48,
        "type": "edit_all",
        "navigation_view": "gescargeo"
    }
},
{
    "model": "users.permissionnavigation",
    "pk": 620,
    "fields": {
        "creation_date": "2023-01-18T15:11:52.209",
        "created_by": "admin",
        "update_date": "2023-01-18T15:11:52.209",
        "update_by": "admin",
        "permission": 48,
        "type": "delete_filter",
        "navigation_view": "gescargeo"
    }
},
{
    "model": "users.rolepermission",
    "pk": 21,
    "fields": {
        "creation_date": "2022-09-15T17:03:21.436",
        "created_by": null,
        "update_date": "2022-09-15T17:03:21.436",
        "update_by": null,
        "role": 13,
        "permission": 37
    }
},
{
    "model": "users.rolepermission",
    "pk": 23,
    "fields": {
        "creation_date": "2022-09-16T16:13:26.720",
        "created_by": null,
        "update_date": "2022-09-16T16:13:26.720",
        "update_by": null,
        "role": 15,
        "permission": 39
    }
},
{
    "model": "users.rolepermission",
    "pk": 24,
    "fields": {
        "creation_date": "2022-09-16T16:13:26.929",
        "created_by": null,
        "update_date": "2022-09-16T16:13:26.929",
        "update_by": null,
        "role": 16,
        "permission": 40
    }
},
{
    "model": "users.rolepermission",
    "pk": 25,
    "fields": {
        "creation_date": "2022-09-16T16:13:27.079",
        "created_by": null,
        "update_date": "2022-09-16T16:13:27.079",
        "update_by": null,
        "role": 17,
        "permission": 41
    }
},
{
    "model": "users.rolepermission",
    "pk": 26,
    "fields": {
        "creation_date": "2022-09-16T16:13:43.333",
        "created_by": null,
        "update_date": "2022-09-16T16:13:43.333",
        "update_by": null,
        "role": 18,
        "permission": 42
    }
},
{
    "model": "users.rolepermission",
    "pk": 27,
    "fields": {
        "creation_date": "2022-09-30T14:16:35.607",
        "created_by": null,
        "update_date": "2022-09-30T14:16:35.607",
        "update_by": null,
        "role": 19,
        "permission": 43
    }
},
{
    "model": "users.rolepermission",
    "pk": 29,
    "fields": {
        "creation_date": "2022-10-06T23:23:53.780",
        "created_by": null,
        "update_date": "2022-10-06T23:23:53.780",
        "update_by": null,
        "role": 21,
        "permission": 45
    }
},
{
    "model": "users.rolepermission",
    "pk": 30,
    "fields": {
        "creation_date": "2022-10-06T23:40:42.338",
        "created_by": null,
        "update_date": "2022-10-06T23:40:42.338",
        "update_by": null,
        "role": 22,
        "permission": 46
    }
},
{
    "model": "users.rolepermission",
    "pk": 31,
    "fields": {
        "creation_date": "2022-10-06T23:44:14.819",
        "created_by": null,
        "update_date": "2022-10-06T23:44:14.819",
        "update_by": null,
        "role": 23,
        "permission": 47
    }
},
{
    "model": "users.rolepermission",
    "pk": 32,
    "fields": {
        "creation_date": "2022-10-17T08:32:59.970",
        "created_by": null,
        "update_date": "2022-10-17T08:32:59.970",
        "update_by": null,
        "role": 24,
        "permission": 48
    }
},
{
    "model": "users.rolepermission",
    "pk": 33,
    "fields": {
        "creation_date": "2022-10-19T15:03:53.968",
        "created_by": null,
        "update_date": "2022-10-19T15:03:53.968",
        "update_by": null,
        "role": 25,
        "permission": 49
    }
}
]
