[{"model": "land_inspections.landinspectionupload", "pk": 2, "fields": {"cod_carga": "00033", "user": 63, "username": "TESTMAROP"}}, {"model": "land_inspections.landinspectionupload", "pk": 3, "fields": {"cod_carga": "00001", "user": 62, "username": "TESTMAR"}}, {"model": "land_inspections.landinspectionupload", "pk": 4, "fields": {"cod_carga": "00002", "user": 68, "username": "TESTMAROP2"}}, {"model": "land_inspections.landinspectionupload", "pk": 5, "fields": {"cod_carga": "00003", "user": 70, "username": "TESTMAROP3"}}, {"model": "land_inspections.landinspectionupload", "pk": 6, "fields": {"cod_carga": "00001", "user": null, "username": "TESTLINOP"}}, {"model": "land_inspections.landinspectionupload", "pk": 7, "fields": {"cod_carga": "00001", "user": 73, "username": "TESTLINOP2"}}, {"model": "land_inspections.landinspectionupload", "pk": 12, "fields": {"cod_carga": "00004", "user": 70, "username": "TESTMAROP3"}}, {"model": "land_inspections.landinspectionupload", "pk": 13, "fields": {"cod_carga": "00003", "user": null, "username": "00000002"}}, {"model": "land_inspections.landinspectionupload", "pk": 14, "fields": {"cod_carga": "00007", "user": null, "username": "00000004"}}, {"model": "land_inspections.landinspectionupload", "pk": 15, "fields": {"cod_carga": "00017", "user": null, "username": "00000008"}}, {"model": "land_inspections.landinspectionupload", "pk": 23, "fields": {"cod_carga": "00010", "user": 70, "username": "TESTMAROP3"}}, {"model": "land_inspections.landinspectionupload", "pk": 28, "fields": {"cod_carga": "00001", "user": null, "username": "TESTMOL1"}}, {"model": "land_inspections.landinspectionupload", "pk": 29, "fields": {"cod_carga": "00002", "user": null, "username": "TESTMOL2"}}, {"model": "land_inspections.landinspectionupload", "pk": 38, "fields": {"cod_carga": "00003", "user": null, "username": "TESTMOL1"}}, {"model": "land_inspections.landinspectionupload", "pk": 39, "fields": {"cod_carga": "00003", "user": null, "username": "TESTMOL2"}}, {"model": "land_inspections.landinspectionupload", "pk": 40, "fields": {"cod_carga": "00043", "user": 70, "username": "TESTMAROP3"}}, {"model": "land_inspections.landinspectionupload", "pk": 41, "fields": {"cod_carga": "00005", "user": null, "username": "TESTMOL2"}}, {"model": "land_inspections.landinspectionupload", "pk": 42, "fields": {"cod_carga": "00004", "user": null, "username": "TESTMOL1"}}, {"model": "land_inspections.landinspectionupload", "pk": 43, "fields": {"cod_carga": "00044", "user": 149, "username": "00000026"}}, {"model": "land_inspections.landinspectionupload", "pk": 44, "fields": {"cod_carga": "00045", "user": 149, "username": "00000026"}}, {"model": "land_inspections.landinspectionupload", "pk": 45, "fields": {"cod_carga": "00047", "user": 149, "username": "00000026"}}, {"model": "land_inspections.landinspectionupload", "pk": 46, "fields": {"cod_carga": "00056", "user": 157, "username": "00000030"}}, {"model": "land_inspections.landinspectionupload", "pk": 47, "fields": {"cod_carga": "00001", "user": 157, "username": "00000030"}}, {"model": "land_inspections.landinspectionupload", "pk": 50, "fields": {"cod_carga": "00002", "user": 197, "username": "TESTTAR02"}}, {"model": "land_inspections.landinspectionupload", "pk": 51, "fields": {"cod_carga": "00003", "user": 198, "username": "TESTTAR03"}}, {"model": "land_inspections.landinspectionupload", "pk": 52, "fields": {"cod_carga": "00004", "user": 199, "username": "TESTTAR04"}}, {"model": "land_inspections.tickettype", "pk": "1", "fields": {"desc_tipo_ticket": "Predio sin Georreferenciaci¾n"}}, {"model": "land_inspections.tickettype", "pk": "2", "fields": {"desc_tipo_ticket": "Posible Predio Omiso"}}, {"model": "land_inspections.tickettype", "pk": "3", "fields": {"desc_tipo_ticket": "Punto Imagen"}}, {"model": "land_inspections.tickettype", "pk": "4", "fields": {"desc_tipo_ticket": "Manzana sin Lotes"}}, {"model": "land_inspections.tickettype", "pk": "5", "fields": {"desc_tipo_ticket": "Predio Subvaluado"}}, {"model": "land_inspections.tickettype", "pk": "6", "fields": {"desc_tipo_ticket": "Actualizaci¾n Cartogrßfica"}}, {"model": "land_inspections.ticketworkstation", "pk": "0", "fields": {"desc_est_trabajo_ticket": "No asignable"}}, {"model": "land_inspections.ticketworkstation", "pk": "1", "fields": {"desc_est_trabajo_ticket": "en carga de trabajo"}}, {"model": "land_inspections.ticketworkstation", "pk": "2", "fields": {"desc_est_trabajo_ticket": "en carga de trabajo"}}, {"model": "land_inspections.ticketworkstation", "pk": "3", "fields": {"desc_est_trabajo_ticket": "asignado a operador (pendiente)"}}, {"model": "land_inspections.ticketworkstation", "pk": "4", "fields": {"desc_est_trabajo_ticket": "descargado (en proceso)"}}, {"model": "land_inspections.ticketworkstation", "pk": "5", "fields": {"desc_est_trabajo_ticket": "atendido en campo (atendido)"}}, {"model": "land_inspections.ticketworkstation", "pk": "6", "fields": {"desc_est_trabajo_ticket": "resuelto en gabinete"}}, {"model": "land_inspections.ticketworkstation", "pk": "98", "fields": {"desc_est_trabajo_ticket": "observado en gabinete"}}, {"model": "land_inspections.ticketworkstation", "pk": "99", "fields": {"desc_est_trabajo_ticket": "observado en campo (observado)"}}, {"model": "land_inspections.ticketsendstation", "pk": "0", "fields": {"desc_est_envio_ticket": "No Enviado"}}, {"model": "land_inspections.ticketsendstation", "pk": "1", "fields": {"desc_est_envio_ticket": "Enviado"}}, {"model": "land_inspections.ticket", "pk": "G22090100003001", "fields": {"inspection_upload": 51, "cod_tipo_ticket": "5", "cod_est_trabajo_ticket": "6", "cod_est_envio_ticket": "0", "username": null, "cod_usuario": "198", "obs_ticket_usuario": "", "fec_inicio_trabajo": "2024-07-31T18:47:00", "fec_asignacion": "2024-08-02T00:00:00", "fec_ultima_actualizacion": "2024-07-31T18:53:00", "obs_ticket_gabinete": "", "nro_notificacion": 0}}, {"model": "land_inspections.ticket", "pk": "G22090100004001", "fields": {"inspection_upload": 52, "cod_tipo_ticket": "5", "cod_est_trabajo_ticket": "5", "cod_est_envio_ticket": "0", "username": null, "cod_usuario": "199", "obs_ticket_usuario": "", "fec_inicio_trabajo": "2024-08-01T16:09:00", "fec_asignacion": "2024-08-02T00:00:00", "fec_ultima_actualizacion": "2024-08-01T16:16:00", "obs_ticket_gabinete": "", "nro_notificacion": 0}}, {"model": "land_inspections.ticket", "pk": "G22090100004002", "fields": {"inspection_upload": 52, "cod_tipo_ticket": "5", "cod_est_trabajo_ticket": "5", "cod_est_envio_ticket": "0", "username": null, "cod_usuario": "199", "obs_ticket_usuario": "", "fec_inicio_trabajo": "2024-08-01T16:18:00", "fec_asignacion": "2024-08-02T00:00:00", "fec_ultima_actualizacion": "2024-08-01T16:24:00", "obs_ticket_gabinete": "", "nro_notificacion": 0}}, {"model": "land_inspections.ticket", "pk": "G22090100004003", "fields": {"inspection_upload": 52, "cod_tipo_ticket": "5", "cod_est_trabajo_ticket": "5", "cod_est_envio_ticket": "0", "username": null, "cod_usuario": "199", "obs_ticket_usuario": "se realizo las medidas a criterio", "fec_inicio_trabajo": "2024-08-01T16:27:00", "fec_asignacion": "2024-08-02T00:00:00", "fec_ultima_actualizacion": "2024-08-01T16:33:00", "obs_ticket_gabinete": "", "nro_notificacion": 0}}, {"model": "land_inspections.ticket", "pk": "G22090100004004", "fields": {"inspection_upload": 52, "cod_tipo_ticket": "2", "cod_est_trabajo_ticket": "5", "cod_est_envio_ticket": "0", "username": null, "cod_usuario": "199", "obs_ticket_usuario": "Medidas a criterio", "fec_inicio_trabajo": "2024-08-02T09:44:00", "fec_asignacion": "2024-08-02T00:00:00", "fec_ultima_actualizacion": "2024-08-02T09:46:00", "obs_ticket_gabinete": "Punto Lote sin predios", "nro_notificacion": 0}}, {"model": "land_inspections.ticket", "pk": "G22090100004005", "fields": {"inspection_upload": 52, "cod_tipo_ticket": "5", "cod_est_trabajo_ticket": "5", "cod_est_envio_ticket": "0", "username": null, "cod_usuario": "199", "obs_ticket_usuario": "se toma medidas a criterio", "fec_inicio_trabajo": "2024-08-02T11:07:00", "fec_asignacion": "2024-08-02T00:00:00", "fec_ultima_actualizacion": "2024-08-02T11:10:00", "obs_ticket_gabinete": "", "nro_notificacion": 0}}, {"model": "land_inspections.ticket", "pk": "G22090100004006", "fields": {"inspection_upload": 52, "cod_tipo_ticket": "5", "cod_est_trabajo_ticket": "5", "cod_est_envio_ticket": "0", "username": null, "cod_usuario": "199", "obs_ticket_usuario": "Medidas a criterio", "fec_inicio_trabajo": "2024-08-02T11:04:00", "fec_asignacion": "2024-08-02T00:00:00", "fec_ultima_actualizacion": "2024-08-02T11:06:00", "obs_ticket_gabinete": "", "nro_notificacion": 0}}, {"model": "land_inspections.ticket", "pk": "G22090100004007", "fields": {"inspection_upload": 52, "cod_tipo_ticket": "5", "cod_est_trabajo_ticket": "5", "cod_est_envio_ticket": "0", "username": null, "cod_usuario": "199", "obs_ticket_usuario": "se realizo medidas a criterio", "fec_inicio_trabajo": "2024-08-02T10:39:00", "fec_asignacion": "2024-08-02T00:00:00", "fec_ultima_actualizacion": "2024-08-02T10:41:00", "obs_ticket_gabinete": "", "nro_notificacion": 0}}, {"model": "land_inspections.ticket", "pk": "G22090100004008", "fields": {"inspection_upload": 52, "cod_tipo_ticket": "5", "cod_est_trabajo_ticket": "5", "cod_est_envio_ticket": "0", "username": null, "cod_usuario": "199", "obs_ticket_usuario": "Medidas a criterio", "fec_inicio_trabajo": "2024-08-02T11:19:00", "fec_asignacion": "2024-08-02T00:00:00", "fec_ultima_actualizacion": "2024-08-02T11:21:00", "obs_ticket_gabinete": "", "nro_notificacion": 0}}, {"model": "land_inspections.ticket", "pk": "G22090100004009", "fields": {"inspection_upload": 52, "cod_tipo_ticket": "5", "cod_est_trabajo_ticket": "6", "cod_est_envio_ticket": "0", "username": null, "cod_usuario": "199", "obs_ticket_usuario": "", "fec_inicio_trabajo": "2024-08-01T16:34:00", "fec_asignacion": "2024-08-02T00:00:00", "fec_ultima_actualizacion": "2024-08-01T16:37:00", "obs_ticket_gabinete": "", "nro_notificacion": 1}}, {"model": "land_inspections.ticket", "pk": "G22090100004010", "fields": {"inspection_upload": 52, "cod_tipo_ticket": "2", "cod_est_trabajo_ticket": "5", "cod_est_envio_ticket": "0", "username": null, "cod_usuario": "199", "obs_ticket_usuario": "medidas a criterio", "fec_inicio_trabajo": "2024-08-02T11:21:00", "fec_asignacion": "2024-08-02T00:00:00", "fec_ultima_actualizacion": "2024-08-02T11:24:00", "obs_ticket_gabinete": "Punto Lote sin predios", "nro_notificacion": 0}}, {"model": "land_inspections.ticket", "pk": "G22090100004011", "fields": {"inspection_upload": 52, "cod_tipo_ticket": "2", "cod_est_trabajo_ticket": "5", "cod_est_envio_ticket": "0", "username": null, "cod_usuario": "199", "obs_ticket_usuario": "medidas a criterio", "fec_inicio_trabajo": "2024-08-02T10:35:00", "fec_asignacion": "2024-08-02T00:00:00", "fec_ultima_actualizacion": "2024-08-02T10:38:00", "obs_ticket_gabinete": "Punto Lote sin predios", "nro_notificacion": 0}}, {"model": "land_inspections.ticket", "pk": "G22090100004012", "fields": {"inspection_upload": 52, "cod_tipo_ticket": "2", "cod_est_trabajo_ticket": "5", "cod_est_envio_ticket": "0", "username": null, "cod_usuario": "199", "obs_ticket_usuario": "medidas a criterio", "fec_inicio_trabajo": "2024-08-02T11:14:00", "fec_asignacion": "2024-08-02T00:00:00", "fec_ultima_actualizacion": "2024-08-02T11:18:00", "obs_ticket_gabinete": "Punto Lote sin predios", "nro_notificacion": 0}}, {"model": "land_inspections.ticket", "pk": "G22090100004013", "fields": {"inspection_upload": 52, "cod_tipo_ticket": "2", "cod_est_trabajo_ticket": "5", "cod_est_envio_ticket": "0", "username": null, "cod_usuario": "199", "obs_ticket_usuario": "se realizo la toma de medidas a criterio", "fec_inicio_trabajo": "2024-08-02T09:18:00", "fec_asignacion": "2024-08-02T00:00:00", "fec_ultima_actualizacion": "2024-08-02T09:24:00", "obs_ticket_gabinete": "Punto Lote sin predios", "nro_notificacion": 0}}, {"model": "land_inspections.ticket", "pk": "G22090100004014", "fields": {"inspection_upload": 52, "cod_tipo_ticket": "2", "cod_est_trabajo_ticket": "5", "cod_est_envio_ticket": "0", "username": null, "cod_usuario": "199", "obs_ticket_usuario": "Se realizo las medidas a criterio", "fec_inicio_trabajo": "2024-08-02T09:00:00", "fec_asignacion": "2024-08-02T00:00:00", "fec_ultima_actualizacion": "2024-08-02T09:07:00", "obs_ticket_gabinete": "Punto Lote sin predios", "nro_notificacion": 0}}, {"model": "land_inspections.ticket", "pk": "G22090100004015", "fields": {"inspection_upload": 52, "cod_tipo_ticket": "2", "cod_est_trabajo_ticket": "5", "cod_est_envio_ticket": "0", "username": null, "cod_usuario": "199", "obs_ticket_usuario": "se realizo las medidas a criterio", "fec_inicio_trabajo": "2024-08-02T08:57:00", "fec_asignacion": "2024-08-02T00:00:00", "fec_ultima_actualizacion": "2024-08-02T08:59:00", "obs_ticket_gabinete": "Punto Lote sin predios", "nro_notificacion": 1}}, {"model": "land_inspections.ticket", "pk": "G22090100004016", "fields": {"inspection_upload": 52, "cod_tipo_ticket": "2", "cod_est_trabajo_ticket": "6", "cod_est_envio_ticket": "0", "username": null, "cod_usuario": "199", "obs_ticket_usuario": "Medidas a criterio", "fec_inicio_trabajo": "2024-08-02T08:53:00", "fec_asignacion": "2024-08-02T00:00:00", "fec_ultima_actualizacion": "2024-08-02T08:56:00", "obs_ticket_gabinete": "Punto Lote sin predios", "nro_notificacion": 1}}, {"model": "land_inspections.ticket", "pk": "G22090100004017", "fields": {"inspection_upload": 52, "cod_tipo_ticket": "2", "cod_est_trabajo_ticket": "5", "cod_est_envio_ticket": "0", "username": null, "cod_usuario": "199", "obs_ticket_usuario": "Medidas a criterio", "fec_inicio_trabajo": "2024-08-02T09:26:00", "fec_asignacion": "2024-08-02T00:00:00", "fec_ultima_actualizacion": "2024-08-02T09:33:00", "obs_ticket_gabinete": "Punto Lote sin predios", "nro_notificacion": 0}}, {"model": "land_inspections.ticket", "pk": "G22090100004018", "fields": {"inspection_upload": 52, "cod_tipo_ticket": "5", "cod_est_trabajo_ticket": "5", "cod_est_envio_ticket": "0", "username": null, "cod_usuario": "199", "obs_ticket_usuario": "Medidas a criterio", "fec_inicio_trabajo": "2024-08-02T10:15:00", "fec_asignacion": "2024-08-02T00:00:00", "fec_ultima_actualizacion": "2024-08-02T10:20:00", "obs_ticket_gabinete": "", "nro_notificacion": 0}}, {"model": "land_inspections.ticket", "pk": "G22090100004019", "fields": {"inspection_upload": 52, "cod_tipo_ticket": "5", "cod_est_trabajo_ticket": "5", "cod_est_envio_ticket": "0", "username": null, "cod_usuario": "199", "obs_ticket_usuario": "Medidas a criterio", "fec_inicio_trabajo": "2024-08-02T10:42:00", "fec_asignacion": "2024-08-02T00:00:00", "fec_ultima_actualizacion": "2024-08-02T10:46:00", "obs_ticket_gabinete": "", "nro_notificacion": 0}}, {"model": "land_inspections.ticket", "pk": "G22090100004020", "fields": {"inspection_upload": 52, "cod_tipo_ticket": "2", "cod_est_trabajo_ticket": "5", "cod_est_envio_ticket": "0", "username": null, "cod_usuario": "199", "obs_ticket_usuario": "se tomaron medidas a criterio", "fec_inicio_trabajo": "2024-08-02T10:11:00", "fec_asignacion": "2024-08-02T00:00:00", "fec_ultima_actualizacion": "2024-08-02T10:14:00", "obs_ticket_gabinete": "Punto Lote sin predios", "nro_notificacion": 0}}, {"model": "land_inspections.ticket", "pk": "G22090100004021", "fields": {"inspection_upload": 52, "cod_tipo_ticket": "2", "cod_est_trabajo_ticket": "5", "cod_est_envio_ticket": "0", "username": null, "cod_usuario": "199", "obs_ticket_usuario": "Se realiz¾ las medidas a criterio", "fec_inicio_trabajo": "2024-08-02T10:06:00", "fec_asignacion": "2024-08-02T00:00:00", "fec_ultima_actualizacion": "2024-08-02T10:08:00", "obs_ticket_gabinete": "Punto Lote sin predios", "nro_notificacion": 0}}, {"model": "land_inspections.ticket", "pk": "G22090100004022", "fields": {"inspection_upload": 52, "cod_tipo_ticket": "2", "cod_est_trabajo_ticket": "5", "cod_est_envio_ticket": "0", "username": null, "cod_usuario": "199", "obs_ticket_usuario": "se tom¾ medidas a criterio", "fec_inicio_trabajo": "2024-08-02T09:34:00", "fec_asignacion": "2024-08-02T00:00:00", "fec_ultima_actualizacion": "2024-08-02T09:42:00", "obs_ticket_gabinete": "Punto Lote sin predios", "nro_notificacion": 0}}, {"model": "land_inspections.ticket", "pk": "G22090100004023", "fields": {"inspection_upload": 52, "cod_tipo_ticket": "2", "cod_est_trabajo_ticket": "5", "cod_est_envio_ticket": "0", "username": null, "cod_usuario": "199", "obs_ticket_usuario": "se toma medidas a criterio", "fec_inicio_trabajo": "2024-08-02T11:00:00", "fec_asignacion": "2024-08-02T00:00:00", "fec_ultima_actualizacion": "2024-08-02T11:01:00", "obs_ticket_gabinete": "Punto Lote sin predios", "nro_notificacion": 0}}, {"model": "land_inspections.ticket", "pk": "G22090100004024", "fields": {"inspection_upload": 52, "cod_tipo_ticket": "2", "cod_est_trabajo_ticket": "5", "cod_est_envio_ticket": "0", "username": null, "cod_usuario": "199", "obs_ticket_usuario": "se tomo las medidas a criterio", "fec_inicio_trabajo": "2024-08-02T10:22:00", "fec_asignacion": "2024-08-02T00:00:00", "fec_ultima_actualizacion": "2024-08-02T10:24:00", "obs_ticket_gabinete": "Punto Lote sin predios", "nro_notificacion": 0}}, {"model": "land_inspections.ticket", "pk": "G22090100004025", "fields": {"inspection_upload": 52, "cod_tipo_ticket": "2", "cod_est_trabajo_ticket": "5", "cod_est_envio_ticket": "0", "username": null, "cod_usuario": "199", "obs_ticket_usuario": "toma de medidas a criterio", "fec_inicio_trabajo": "2024-08-02T10:29:00", "fec_asignacion": "2024-08-02T00:00:00", "fec_ultima_actualizacion": "2024-08-02T10:33:00", "obs_ticket_gabinete": "Punto Lote sin predios", "nro_notificacion": 0}}, {"model": "land_inspections.ticket", "pk": "G22090100004026", "fields": {"inspection_upload": 52, "cod_tipo_ticket": "2", "cod_est_trabajo_ticket": "5", "cod_est_envio_ticket": "0", "username": null, "cod_usuario": "199", "obs_ticket_usuario": "Medidas a criterio", "fec_inicio_trabajo": "2024-08-02T10:26:00", "fec_asignacion": "2024-08-02T00:00:00", "fec_ultima_actualizacion": "2024-08-02T10:28:00", "obs_ticket_gabinete": "Punto Lote sin predios", "nro_notificacion": 0}}, {"model": "land_inspections.ticket", "pk": "G22090100004027", "fields": {"inspection_upload": 52, "cod_tipo_ticket": "2", "cod_est_trabajo_ticket": "5", "cod_est_envio_ticket": "0", "username": null, "cod_usuario": "199", "obs_ticket_usuario": "toma de medidas a criterio", "fec_inicio_trabajo": "2024-08-02T10:51:00", "fec_asignacion": "2024-08-02T00:00:00", "fec_ultima_actualizacion": "2024-08-02T10:53:00", "obs_ticket_gabinete": "Punto Lote sin predios", "nro_notificacion": 0}}, {"model": "land_inspections.ticket", "pk": "G22090100004028", "fields": {"inspection_upload": 52, "cod_tipo_ticket": "2", "cod_est_trabajo_ticket": "5", "cod_est_envio_ticket": "0", "username": null, "cod_usuario": "199", "obs_ticket_usuario": "se tom¾ medidas a criterio", "fec_inicio_trabajo": "2024-08-02T10:01:00", "fec_asignacion": "2024-08-02T00:00:00", "fec_ultima_actualizacion": "2024-08-02T10:05:00", "obs_ticket_gabinete": "Punto Lote sin predios", "nro_notificacion": 0}}, {"model": "land_inspections.ticket", "pk": "G22090100004029", "fields": {"inspection_upload": 52, "cod_tipo_ticket": "2", "cod_est_trabajo_ticket": "5", "cod_est_envio_ticket": "0", "username": null, "cod_usuario": "199", "obs_ticket_usuario": "Medidas a criterio", "fec_inicio_trabajo": "2024-08-02T09:57:00", "fec_asignacion": "2024-08-02T00:00:00", "fec_ultima_actualizacion": "2024-08-02T10:01:00", "obs_ticket_gabinete": "Punto Lote sin predios", "nro_notificacion": 0}}, {"model": "land_inspections.ticket", "pk": "G22090100004030", "fields": {"inspection_upload": 52, "cod_tipo_ticket": "2", "cod_est_trabajo_ticket": "5", "cod_est_envio_ticket": "0", "username": null, "cod_usuario": "199", "obs_ticket_usuario": "Medidas a criterio", "fec_inicio_trabajo": "2024-08-02T10:54:00", "fec_asignacion": "2024-08-02T00:00:00", "fec_ultima_actualizacion": "2024-08-02T10:58:00", "obs_ticket_gabinete": "Punto Lote sin predios", "nro_notificacion": 0}}, {"model": "land_inspections.ticket", "pk": "G22090100004031", "fields": {"inspection_upload": 52, "cod_tipo_ticket": "2", "cod_est_trabajo_ticket": "5", "cod_est_envio_ticket": "0", "username": null, "cod_usuario": "199", "obs_ticket_usuario": "se tomaron medidas a criterio", "fec_inicio_trabajo": "2024-08-02T09:49:00", "fec_asignacion": "2024-08-02T00:00:00", "fec_ultima_actualizacion": "2024-08-02T09:54:00", "obs_ticket_gabinete": "Punto Lote sin predios", "nro_notificacion": 0}}, {"model": "land_inspections.location", "pk": "182209015317", "fields": {"cod_ticket": "G22090100004020", "cod_tip_via": "03", "cod_via": "0180", "nom_via": "ABANCAY", "num_alt": "", "nom_alt": "", "cod_tipo_uu": "18", "cod_uu": "0014", "nom_uu": "HUAYCO", "nom_ref": "CENTRO URBANO TARAPOTO", "km": "", "x": -76.36970704, "y": -6.49975178, "lot_urb": "", "num_mun": "215", "mzn_urb": "", "username": null, "cod_usuario": "199", "obs_ubicacion": "", "referencia": "", "status": 0, "file_obs": ""}}, {"model": "land_inspections.location", "pk": "182209015416", "fields": {"cod_ticket": "G22090100004021", "cod_tip_via": "03", "cod_via": "0180", "nom_via": "ABANCAY", "num_alt": "", "nom_alt": "", "cod_tipo_uu": "18", "cod_uu": "0014", "nom_uu": "HUAYCO", "nom_ref": "CENTRO URBANO TARAPOTO", "km": "", "x": -76.36979366, "y": -6.49966868, "lot_urb": "", "num_mun": "210", "mzn_urb": "", "username": null, "cod_usuario": "199", "obs_ubicacion": "", "referencia": "", "status": 0, "file_obs": ""}}, {"model": "land_inspections.location", "pk": "182209015876", "fields": {"cod_ticket": "G22090100004022", "cod_tip_via": "03", "cod_via": "0114", "nom_via": "RICARDO PALMA", "num_alt": "", "nom_alt": "", "cod_tipo_uu": "18", "cod_uu": "0014", "nom_uu": "HUAYCO", "nom_ref": "CENTRO URBANO TARAPOTO", "km": "", "x": -76.36953001, "y": -6.49900696, "lot_urb": "", "num_mun": "1359", "mzn_urb": "", "username": null, "cod_usuario": "199", "obs_ubicacion": "", "referencia": "", "status": 0, "file_obs": ""}}, {"model": "land_inspections.location", "pk": "182209016540", "fields": {"cod_ticket": "G22090100004010", "cod_tip_via": "03", "cod_via": "0293", "nom_via": "CUZCO", "num_alt": "", "nom_alt": "", "cod_tipo_uu": "08", "cod_uu": "0014", "nom_uu": "CENTRO URBANO TARAPOTO", "nom_ref": "CENTRO URBANO TARAPOTO", "km": "", "x": -76.36783539, "y": -6.49874649, "lot_urb": "", "num_mun": "sin n·mero", "mzn_urb": "", "username": null, "cod_usuario": "199", "obs_ubicacion": "no tiene numeraci¾n", "referencia": "", "status": 0, "file_obs": ""}}, {"model": "land_inspections.location", "pk": "182209016731", "fields": {"cod_ticket": "G22090100004011", "cod_tip_via": "03", "cod_via": "0097", "nom_via": "VENCEDORES DE COMAYNA", "num_alt": "", "nom_alt": "", "cod_tipo_uu": "18", "cod_uu": "0014", "nom_uu": "Huayco", "nom_ref": "CENTRO URBANO TARAPOTO", "km": "", "x": -76.36839553, "y": -6.49958879, "lot_urb": "", "num_mun": "sin n·mero u±", "mzn_urb": "", "username": null, "cod_usuario": "199", "obs_ubicacion": "no tiene placa la puerta", "referencia": "", "status": 0, "file_obs": ""}}, {"model": "land_inspections.location", "pk": "182209016741", "fields": {"cod_ticket": "G22090100004012", "cod_tip_via": "03", "cod_via": "0293", "nom_via": "CUZCO", "num_alt": "", "nom_alt": "", "cod_tipo_uu": "18", "cod_uu": "0014", "nom_uu": "Huayco", "nom_ref": "CENTRO URBANO TARAPOTO", "km": "", "x": -76.36812993, "y": -6.49846988, "lot_urb": "", "num_mun": "330", "mzn_urb": "", "username": null, "cod_usuario": "199", "obs_ubicacion": "", "referencia": "", "status": 0, "file_obs": ""}}, {"model": "land_inspections.location", "pk": "182209017398", "fields": {"cod_ticket": "G22090100004023", "cod_tip_via": "03", "cod_via": "0097", "nom_via": "VENCEDORES DE COMAYNA", "num_alt": "", "nom_alt": "", "cod_tipo_uu": "18", "cod_uu": "0014", "nom_uu": "Huayco", "nom_ref": "CENTRO URBANO TARAPOTO", "km": "", "x": -76.36900243, "y": -6.49915124, "lot_urb": "", "num_mun": "144", "mzn_urb": "", "username": null, "cod_usuario": "199", "obs_ubicacion": "", "referencia": "", "status": 0, "file_obs": ""}}, {"model": "land_inspections.location", "pk": "182209017787", "fields": {"cod_ticket": "G22090100004024", "cod_tip_via": "03", "cod_via": "0275", "nom_via": "JOSE OLAYA", "num_alt": "", "nom_alt": "", "cod_tipo_uu": "18", "cod_uu": "0014", "nom_uu": "HUAYCO", "nom_ref": "CENTRO URBANO TARAPOTO", "km": "", "x": -76.36879488, "y": -6.50022019, "lot_urb": "", "num_mun": "1262", "mzn_urb": "", "username": null, "cod_usuario": "199", "obs_ubicacion": "", "referencia": "", "status": 0, "file_obs": ""}}, {"model": "land_inspections.location", "pk": "182209017934", "fields": {"cod_ticket": "G22090100004025", "cod_tip_via": "03", "cod_via": "0097", "nom_via": "VENCEDORES DE COMAYNA", "num_alt": "", "nom_alt": "", "cod_tipo_uu": "18", "cod_uu": "0014", "nom_uu": "Huayco", "nom_ref": "CENTRO URBANO TARAPOTO", "km": "", "x": -76.36845129, "y": -6.49970117, "lot_urb": "", "num_mun": "1202", "mzn_urb": "", "username": null, "cod_usuario": "199", "obs_ubicacion": "no tiene numeraci¾n la puerta", "referencia": "", "status": 0, "file_obs": ""}}, {"model": "land_inspections.location", "pk": "182209017935", "fields": {"cod_ticket": "G22090100004026", "cod_tip_via": "03", "cod_via": "0275", "nom_via": "JOSE OLAYA", "num_alt": "", "nom_alt": "", "cod_tipo_uu": "18", "cod_uu": "0014", "nom_uu": "HUAYCO", "nom_ref": "CENTRO URBANO TARAPOTO", "km": "", "x": -76.36840277, "y": -6.49981365, "lot_urb": "", "num_mun": "1202", "mzn_urb": "", "username": null, "cod_usuario": "199", "obs_ubicacion": "", "referencia": "", "status": 0, "file_obs": ""}}, {"model": "land_inspections.location", "pk": "182209018063", "fields": {"cod_ticket": "G22090100004027", "cod_tip_via": "03", "cod_via": "0097", "nom_via": "VENCEDORES DE COMAYNA", "num_alt": "", "nom_alt": "", "cod_tipo_uu": "18", "cod_uu": "0014", "nom_uu": "Huayco", "nom_ref": "CENTRO URBANO TARAPOTO", "km": "", "x": -76.36870734, "y": -6.49944568, "lot_urb": "", "num_mun": "172", "mzn_urb": "", "username": null, "cod_usuario": "199", "obs_ubicacion": "", "referencia": "", "status": 0, "file_obs": ""}}, {"model": "land_inspections.location", "pk": "182209018118", "fields": {"cod_ticket": "G22090100004013", "cod_tip_via": "03", "cod_via": "0114", "nom_via": "RICARDO PALMA", "num_alt": "", "nom_alt": "", "cod_tipo_uu": "18", "cod_uu": "0014", "nom_uu": "HUAYCO", "nom_ref": "CENTRO URBANO TARAPOTO", "km": "", "x": -76.36887304, "y": -6.49838472, "lot_urb": "", "num_mun": "1313", "mzn_urb": "", "username": null, "cod_usuario": "199", "obs_ubicacion": "en el lote aparentemente se encuentra independizados", "referencia": "", "status": 0, "file_obs": ""}}, {"model": "land_inspections.location", "pk": "182209018329", "fields": {"cod_ticket": "G22090100004014", "cod_tip_via": "03", "cod_via": "0114", "nom_via": "RICARDO PALMA", "num_alt": "", "nom_alt": "", "cod_tipo_uu": "18", "cod_uu": "0014", "nom_uu": "HUAYCO", "nom_ref": "CENTRO URBANO TARAPOTO", "km": "", "x": -76.36871986, "y": -6.49826013, "lot_urb": "", "num_mun": "1305", "mzn_urb": "", "username": null, "cod_usuario": "199", "obs_ubicacion": "La propiedad tiene doble numeraci¾n (1305 y 1305-B), y dos medidores. N·mero de medidor 2: 127290", "referencia": "", "status": 0, "file_obs": ""}}, {"model": "land_inspections.location", "pk": "182209018413", "fields": {"cod_ticket": "G22090100004015", "cod_tip_via": "03", "cod_via": "0114", "nom_via": "RICARDO PALMA", "num_alt": "", "nom_alt": "", "cod_tipo_uu": "18", "cod_uu": "0014", "nom_uu": "HUAYCO", "nom_ref": "CENTRO URBANO TARAPOTO", "km": "", "x": -76.36862889, "y": -6.49816823, "lot_urb": "", "num_mun": "1301", "mzn_urb": "", "username": null, "cod_usuario": "199", "obs_ubicacion": "", "referencia": "", "status": 0, "file_obs": ""}}, {"model": "land_inspections.location", "pk": "182209018658", "fields": {"cod_ticket": "G22090100004028", "cod_tip_via": "03", "cod_via": "0180", "nom_via": "ABANCAY", "num_alt": "", "nom_alt": "", "cod_tipo_uu": "18", "cod_uu": "0014", "nom_uu": "HUAYCO", "nom_ref": "CENTRO URBANO TARAPOTO", "km": "", "x": -76.36994902, "y": -6.49951964, "lot_urb": "", "num_mun": "205", "mzn_urb": "", "username": null, "cod_usuario": "199", "obs_ubicacion": "no cuenta con numeraci¾n la placa de la puerta", "referencia": "", "status": 0, "file_obs": ""}}, {"model": "land_inspections.location", "pk": "182209018659", "fields": {"cod_ticket": "G22090100004029", "cod_tip_via": "03", "cod_via": "0114", "nom_via": "RICARDO PALMA", "num_alt": "", "nom_alt": "", "cod_tipo_uu": "18", "cod_uu": "0014", "nom_uu": "HUAYCO", "nom_ref": "CENTRO URBANO TARAPOTO", "km": "", "x": -76.36995733, "y": -6.49943839, "lot_urb": "", "num_mun": "S/N", "mzn_urb": "", "username": null, "cod_usuario": "199", "obs_ubicacion": "No cuenta con PLACA DE PUERTA", "referencia": "", "status": 0, "file_obs": ""}}, {"model": "land_inspections.location", "pk": "182209018815", "fields": {"cod_ticket": "G22090100004004", "cod_tip_via": "03", "cod_via": "0114", "nom_via": "RICARDO PALMA", "num_alt": "", "nom_alt": "", "cod_tipo_uu": "18", "cod_uu": "0014", "nom_uu": "HUAYCO", "nom_ref": "CENTRO URBANO TARAPOTO", "km": "", "x": -76.36967474, "y": -6.49899355, "lot_urb": "", "num_mun": "1358", "mzn_urb": "", "username": null, "cod_usuario": "199", "obs_ubicacion": "", "referencia": "", "status": 0, "file_obs": ""}}, {"model": "land_inspections.location", "pk": "182209018906", "fields": {"cod_ticket": "G22090100004030", "cod_tip_via": "03", "cod_via": "0097", "nom_via": "VENCEDORES DE COMAYNA", "num_alt": "", "nom_alt": "", "cod_tipo_uu": "18", "cod_uu": "0014", "nom_uu": "HUAYCO", "nom_ref": "CENTRO URBANO TARAPOTO", "km": "", "x": -76.36894881, "y": -6.49920473, "lot_urb": "", "num_mun": "134", "mzn_urb": "", "username": null, "cod_usuario": "199", "obs_ubicacion": "", "referencia": "", "status": 0, "file_obs": ""}}, {"model": "land_inspections.location", "pk": "182209018935", "fields": {"cod_ticket": "G22090100004031", "cod_tip_via": "03", "cod_via": "0114", "nom_via": "RICARDO PALMA", "num_alt": "", "nom_alt": "", "cod_tipo_uu": "18", "cod_uu": "0014", "nom_uu": "HUAYCO", "nom_ref": "CENTRO URBANO TARAPOTO", "km": "", "x": -76.36965638, "y": -6.49913455, "lot_urb": "", "num_mun": "1381-A", "mzn_urb": "", "username": null, "cod_usuario": "199", "obs_ubicacion": "", "referencia": "", "status": 0, "file_obs": ""}}, {"model": "land_inspections.location", "pk": "182209018992", "fields": {"cod_ticket": "G22090100004016", "cod_tip_via": "03", "cod_via": "0114", "nom_via": "RICARDO PALMA", "num_alt": "", "nom_alt": "", "cod_tipo_uu": "18", "cod_uu": "0014", "nom_uu": "HUAYCO", "nom_ref": "CENTRO URBANO TARAPOTO", "km": "", "x": -76.36858838, "y": -6.4981273, "lot_urb": "", "num_mun": "1301-B", "mzn_urb": "", "username": null, "cod_usuario": "199", "obs_ubicacion": "", "referencia": "", "status": 6, "file_obs": ""}}, {"model": "land_inspections.location", "pk": "182209019412", "fields": {"cod_ticket": "G22090100004017", "cod_tip_via": "03", "cod_via": "0114", "nom_via": "RICARDO PALMA", "num_alt": "", "nom_alt": "", "cod_tipo_uu": "18", "cod_uu": "0014", "nom_uu": "HUAYCO", "nom_ref": "CENTRO URBANO TARAPOTO", "km": "", "x": -76.36904339, "y": -6.49856102, "lot_urb": "", "num_mun": "1331", "mzn_urb": "", "username": null, "cod_usuario": "199", "obs_ubicacion": "La propiedad cuenta con 4 predios interiores", "referencia": "", "status": 0, "file_obs": ""}}, {"model": "land_inspections.location", "pk": "22090122090199005234010101001", "fields": {"cod_ticket": "G22090100004018", "cod_tip_via": "03", "cod_via": "0275", "nom_via": "JOSE OLAYA", "num_alt": "", "nom_alt": "", "cod_tipo_uu": "18", "cod_uu": "0014", "nom_uu": "HUAYCO", "nom_ref": "", "km": "", "x": -76.36898658, "y": -6.50038334, "lot_urb": "", "num_mun": "1200", "mzn_urb": "", "username": null, "cod_usuario": "199", "obs_ubicacion": "No cuenta con numeraci¾n en la puerta", "referencia": "", "status": 0, "file_obs": ""}}, {"model": "land_inspections.location", "pk": "22090122090199010728010101001", "fields": {"cod_ticket": "G22090100004009", "cod_tip_via": "03", "cod_via": "0114", "nom_via": "RICARDO PALMA", "num_alt": "", "nom_alt": "", "cod_tipo_uu": "18", "cod_uu": "0014", "nom_uu": "huayco", "nom_ref": "", "km": "", "x": -76.36853994, "y": -6.49807997, "lot_urb": "", "num_mun": "1300", "mzn_urb": "", "username": null, "cod_usuario": "199", "obs_ubicacion": "se observa que es terreno libre", "referencia": "", "status": 6, "file_obs": ""}}, {"model": "land_inspections.location", "pk": "22090122090199013166010101001", "fields": {"cod_ticket": "G22090100004006", "cod_tip_via": "03", "cod_via": "0097", "nom_via": "VENCEDORES DE COMAYNA", "num_alt": "", "nom_alt": "", "cod_tipo_uu": "18", "cod_uu": "0014", "nom_uu": "HUAYCO", "nom_ref": "", "km": "", "x": -76.36872833, "y": -6.49926165, "lot_urb": "", "num_mun": "129", "mzn_urb": "", "username": null, "cod_usuario": "199", "obs_ubicacion": "", "referencia": "", "status": 0, "file_obs": ""}}, {"model": "land_inspections.location", "pk": "22090122090199035599010101001", "fields": {"cod_ticket": "G22090100004001", "cod_tip_via": "03", "cod_via": "0293", "nom_via": "CUZCO", "num_alt": "", "nom_alt": "", "cod_tipo_uu": "18", "cod_uu": "0014", "nom_uu": "HUAYCO", "nom_ref": "", "km": "", "x": -76.36903223, "y": -6.49763026, "lot_urb": "", "num_mun": "242", "mzn_urb": "", "username": null, "cod_usuario": "199", "obs_ubicacion": "", "referencia": "", "status": 0, "file_obs": ""}}, {"model": "land_inspections.location", "pk": "22090122090199037500010101001", "fields": {"cod_ticket": "G22090100004019", "cod_tip_via": "03", "cod_via": "0097", "nom_via": "VENCEDORES DE COMAYNA", "num_alt": "", "nom_alt": "", "cod_tipo_uu": "18", "cod_uu": "0014", "nom_uu": "HUAYCO", "nom_ref": "", "km": "", "x": -76.36862732, "y": -6.49952552, "lot_urb": "", "num_mun": "176", "mzn_urb": "", "username": null, "cod_usuario": "199", "obs_ubicacion": "", "referencia": "", "status": 0, "file_obs": ""}}, {"model": "land_inspections.location", "pk": "22090122090199039439010101001", "fields": {"cod_ticket": "G22090100004002", "cod_tip_via": "03", "cod_via": "0293", "nom_via": "CUZCO", "num_alt": "", "nom_alt": "", "cod_tipo_uu": "18", "cod_uu": "0014", "nom_uu": "HUAYCO", "nom_ref": "", "km": "", "x": -76.3689715, "y": -6.49768592, "lot_urb": "", "num_mun": "242", "mzn_urb": "", "username": null, "cod_usuario": "199", "obs_ubicacion": "", "referencia": "", "status": 0, "file_obs": ""}}, {"model": "land_inspections.location", "pk": "22090122090199042935010101001", "fields": {"cod_ticket": "G22090100004003", "cod_tip_via": "03", "cod_via": "0293", "nom_via": "CUZCO", "num_alt": "", "nom_alt": "", "cod_tipo_uu": "18", "cod_uu": "0014", "nom_uu": "HUAYCO", "nom_ref": "", "km": "", "x": -76.3687092, "y": -6.49793558, "lot_urb": "", "num_mun": "284", "mzn_urb": "", "username": null, "cod_usuario": "199", "obs_ubicacion": "", "referencia": "", "status": 0, "file_obs": ""}}, {"model": "land_inspections.location", "pk": "22090122090199043642010101001", "fields": {"cod_ticket": "G22090100004008", "cod_tip_via": "03", "cod_via": "0293", "nom_via": "CUZCO", "num_alt": "", "nom_alt": "", "cod_tipo_uu": "18", "cod_uu": "0014", "nom_uu": "HUAYCO", "nom_ref": "", "km": "", "x": -76.36791121, "y": -6.49867528, "lot_urb": "", "num_mun": "364", "mzn_urb": "", "username": null, "cod_usuario": "199", "obs_ubicacion": "", "referencia": "", "status": 0, "file_obs": ""}}, {"model": "land_inspections.location", "pk": "22090122090199046898010101001", "fields": {"cod_ticket": "G22090100004005", "cod_tip_via": "03", "cod_via": "0097", "nom_via": "VENCEDORES DE COMAYNA", "num_alt": "", "nom_alt": "", "cod_tipo_uu": "18", "cod_uu": "0014", "nom_uu": "Huayco", "nom_ref": "", "km": "", "x": -76.36897088, "y": -6.49902323, "lot_urb": "", "num_mun": "109", "mzn_urb": "", "username": null, "cod_usuario": "199", "obs_ubicacion": "", "referencia": "", "status": 0, "file_obs": ""}}, {"model": "land_inspections.location", "pk": "22090122090199161861010101001", "fields": {"cod_ticket": "G22090100003001", "cod_tip_via": "03", "cod_via": "0100", "nom_via": "TUPAC AMARU", "num_alt": "", "nom_alt": "", "cod_tipo_uu": "26", "cod_uu": "0034", "nom_uu": "NUEVE DE ABRIL", "nom_ref": "", "km": "", "x": -76.37466762, "y": -6.48228588, "lot_urb": "", "num_mun": "567", "mzn_urb": "", "username": null, "cod_usuario": "198", "obs_ubicacion": "", "referencia": "", "status": 6, "file_obs": ""}}, {"model": "land_inspections.location", "pk": "22090122090199164044010101001", "fields": {"cod_ticket": "G22090100004007", "cod_tip_via": "03", "cod_via": "0275", "nom_via": "JOSE OLAYA", "num_alt": "", "nom_alt": "", "cod_tipo_uu": "18", "cod_uu": "0014", "nom_uu": "Huayco", "nom_ref": "", "km": "", "x": -76.36806929, "y": -6.49953323, "lot_urb": "", "num_mun": "1170", "mzn_urb": "", "username": null, "cod_usuario": "199", "obs_ubicacion": "", "referencia": "", "status": 0, "file_obs": ""}}, {"model": "land_inspections.phototype", "pk": 1, "fields": {"desc_tipo_foto": "Frente"}}, {"model": "land_inspections.phototype", "pk": 2, "fields": {"desc_tipo_foto": "Calle"}}, {"model": "land_inspections.phototype", "pk": 3, "fields": {"desc_tipo_foto": "Numeraci¾n de Puerta"}}, {"model": "land_inspections.phototype", "pk": 4, "fields": {"desc_tipo_foto": "Foto 4"}}, {"model": "land_inspections.phototype", "pk": 5, "fields": {"desc_tipo_foto": "Foto 5"}}, {"model": "land_inspections.locationphoto", "pk": "240731185052O198", "fields": {"cod_ubicacion": "22090122090199161861010101001", "cod_tipo_foto": 1, "foto": "land_inspections/22090122090199161861010101001_240731185052O198.jpg"}}, {"model": "land_inspections.locationphoto", "pk": "240731185105O198", "fields": {"cod_ubicacion": "22090122090199161861010101001", "cod_tipo_foto": 2, "foto": "land_inspections/22090122090199161861010101001_240731185105O198.jpg"}}, {"model": "land_inspections.locationphoto", "pk": "240731185122O198", "fields": {"cod_ubicacion": "22090122090199161861010101001", "cod_tipo_foto": 3, "foto": "land_inspections/22090122090199161861010101001_240731185122O198.jpg"}}, {"model": "land_inspections.locationphoto", "pk": "240731185201O198", "fields": {"cod_ubicacion": "22090122090199161861010101001", "cod_tipo_foto": 4, "foto": "land_inspections/22090122090199161861010101001_240731185201O198.jpg"}}, {"model": "land_inspections.locationphoto", "pk": "240801161234O199", "fields": {"cod_ubicacion": "22090122090199035599010101001", "cod_tipo_foto": 1, "foto": "land_inspections/22090122090199035599010101001_240801161234O199.jpg"}}, {"model": "land_inspections.locationphoto", "pk": "240801161315O199", "fields": {"cod_ubicacion": "22090122090199035599010101001", "cod_tipo_foto": 2, "foto": "land_inspections/22090122090199035599010101001_240801161315O199.jpg"}}, {"model": "land_inspections.locationphoto", "pk": "240801161332O199", "fields": {"cod_ubicacion": "22090122090199035599010101001", "cod_tipo_foto": 3, "foto": "land_inspections/22090122090199035599010101001_240801161332O199.jpg"}}, {"model": "land_inspections.locationphoto", "pk": "240801162127O199", "fields": {"cod_ubicacion": "22090122090199039439010101001", "cod_tipo_foto": 1, "foto": "land_inspections/22090122090199039439010101001_240801162127O199.jpg"}}, {"model": "land_inspections.locationphoto", "pk": "240801162150O199", "fields": {"cod_ubicacion": "22090122090199039439010101001", "cod_tipo_foto": 2, "foto": "land_inspections/22090122090199039439010101001_240801162150O199.jpg"}}, {"model": "land_inspections.locationphoto", "pk": "240801162246O199", "fields": {"cod_ubicacion": "22090122090199039439010101001", "cod_tipo_foto": 3, "foto": "land_inspections/22090122090199039439010101001_240801162246O199.jpg"}}, {"model": "land_inspections.locationphoto", "pk": "240801162849O199", "fields": {"cod_ubicacion": "22090122090199042935010101001", "cod_tipo_foto": 1, "foto": "land_inspections/22090122090199042935010101001_240801162849O199.jpg"}}, {"model": "land_inspections.locationphoto", "pk": "240801162856O199", "fields": {"cod_ubicacion": "22090122090199042935010101001", "cod_tipo_foto": 2, "foto": "land_inspections/22090122090199042935010101001_240801162856O199.jpg"}}, {"model": "land_inspections.locationphoto", "pk": "240801162923O199", "fields": {"cod_ubicacion": "22090122090199042935010101001", "cod_tipo_foto": 3, "foto": "land_inspections/22090122090199042935010101001_240801162923O199.jpg"}}, {"model": "land_inspections.locationphoto", "pk": "240801163610O199", "fields": {"cod_ubicacion": "22090122090199010728010101001", "cod_tipo_foto": 1, "foto": "land_inspections/22090122090199010728010101001_240801163610O199.jpg"}}, {"model": "land_inspections.locationphoto", "pk": "240801163619O199", "fields": {"cod_ubicacion": "22090122090199010728010101001", "cod_tipo_foto": 2, "foto": "land_inspections/22090122090199010728010101001_240801163619O199.jpg"}}, {"model": "land_inspections.locationphoto", "pk": "240801163634O199", "fields": {"cod_ubicacion": "22090122090199010728010101001", "cod_tipo_foto": 3, "foto": "land_inspections/22090122090199010728010101001_240801163634O199.jpg"}}, {"model": "land_inspections.locationphoto", "pk": "240802085427O199", "fields": {"cod_ubicacion": "182209018992", "cod_tipo_foto": 1, "foto": "land_inspections/182209018992_240802085427O199.jpg"}}, {"model": "land_inspections.locationphoto", "pk": "240802085451O199", "fields": {"cod_ubicacion": "182209018992", "cod_tipo_foto": 2, "foto": "land_inspections/182209018992_240802085451O199.jpg"}}, {"model": "land_inspections.locationphoto", "pk": "240802085521O199", "fields": {"cod_ubicacion": "182209018992", "cod_tipo_foto": 3, "foto": "land_inspections/182209018992_240802085521O199.jpg"}}, {"model": "land_inspections.locationphoto", "pk": "240802085830O199", "fields": {"cod_ubicacion": "182209018413", "cod_tipo_foto": 1, "foto": "land_inspections/182209018413_240802085830O199.jpg"}}, {"model": "land_inspections.locationphoto", "pk": "240802085835O199", "fields": {"cod_ubicacion": "182209018413", "cod_tipo_foto": 2, "foto": "land_inspections/182209018413_240802085835O199.jpg"}}, {"model": "land_inspections.locationphoto", "pk": "240802085853O199", "fields": {"cod_ubicacion": "182209018413", "cod_tipo_foto": 3, "foto": "land_inspections/182209018413_240802085853O199.jpg"}}, {"model": "land_inspections.locationphoto", "pk": "240802090214O199", "fields": {"cod_ubicacion": "182209018329", "cod_tipo_foto": 3, "foto": "land_inspections/182209018329_240802090214O199.jpg"}}, {"model": "land_inspections.locationphoto", "pk": "240802090245O199", "fields": {"cod_ubicacion": "182209018329", "cod_tipo_foto": 1, "foto": "land_inspections/182209018329_240802090245O199.jpg"}}, {"model": "land_inspections.locationphoto", "pk": "240802090257O199", "fields": {"cod_ubicacion": "182209018329", "cod_tipo_foto": 2, "foto": "land_inspections/182209018329_240802090257O199.jpg"}}, {"model": "land_inspections.locationphoto", "pk": "240802090320O199", "fields": {"cod_ubicacion": "182209018329", "cod_tipo_foto": 4, "foto": "land_inspections/182209018329_240802090320O199.jpg"}}, {"model": "land_inspections.locationphoto", "pk": "240802091930O199", "fields": {"cod_ubicacion": "182209018118", "cod_tipo_foto": 1, "foto": "land_inspections/182209018118_240802091930O199.jpg"}}, {"model": "land_inspections.locationphoto", "pk": "240802091948O199", "fields": {"cod_ubicacion": "182209018118", "cod_tipo_foto": 2, "foto": "land_inspections/182209018118_240802091948O199.jpg"}}, {"model": "land_inspections.locationphoto", "pk": "240802092001O199", "fields": {"cod_ubicacion": "182209018118", "cod_tipo_foto": 3, "foto": "land_inspections/182209018118_240802092001O199.jpg"}}, {"model": "land_inspections.locationphoto", "pk": "240802092015O199", "fields": {"cod_ubicacion": "182209018118", "cod_tipo_foto": 4, "foto": "land_inspections/182209018118_240802092015O199.jpg"}}, {"model": "land_inspections.locationphoto", "pk": "240802092905O199", "fields": {"cod_ubicacion": "182209019412", "cod_tipo_foto": 1, "foto": "land_inspections/182209019412_240802092905O199.jpg"}}, {"model": "land_inspections.locationphoto", "pk": "240802092919O199", "fields": {"cod_ubicacion": "182209019412", "cod_tipo_foto": 2, "foto": "land_inspections/182209019412_240802092919O199.jpg"}}, {"model": "land_inspections.locationphoto", "pk": "240802092945O199", "fields": {"cod_ubicacion": "182209019412", "cod_tipo_foto": 3, "foto": "land_inspections/182209019412_240802092945O199.jpg"}}, {"model": "land_inspections.locationphoto", "pk": "240802093316O199", "fields": {"cod_ubicacion": "182209019412", "cod_tipo_foto": 4, "foto": "land_inspections/182209019412_240802093316O199.jpg"}}, {"model": "land_inspections.locationphoto", "pk": "240802094147O199", "fields": {"cod_ubicacion": "182209015876", "cod_tipo_foto": 1, "foto": "land_inspections/182209015876_240802094147O199.jpg"}}, {"model": "land_inspections.locationphoto", "pk": "240802094156O199", "fields": {"cod_ubicacion": "182209015876", "cod_tipo_foto": 2, "foto": "land_inspections/182209015876_240802094156O199.jpg"}}, {"model": "land_inspections.locationphoto", "pk": "240802094207O199", "fields": {"cod_ubicacion": "182209015876", "cod_tipo_foto": 3, "foto": "land_inspections/182209015876_240802094207O199.jpg"}}, {"model": "land_inspections.locationphoto", "pk": "240802094529O199", "fields": {"cod_ubicacion": "182209018815", "cod_tipo_foto": 1, "foto": "land_inspections/182209018815_240802094529O199.jpg"}}, {"model": "land_inspections.locationphoto", "pk": "240802094538O199", "fields": {"cod_ubicacion": "182209018815", "cod_tipo_foto": 2, "foto": "land_inspections/182209018815_240802094538O199.jpg"}}, {"model": "land_inspections.locationphoto", "pk": "240802094559O199", "fields": {"cod_ubicacion": "182209018815", "cod_tipo_foto": 3, "foto": "land_inspections/182209018815_240802094559O199.jpg"}}, {"model": "land_inspections.locationphoto", "pk": "240802095326O199", "fields": {"cod_ubicacion": "182209018935", "cod_tipo_foto": 2, "foto": "land_inspections/182209018935_240802095326O199.jpg"}}, {"model": "land_inspections.locationphoto", "pk": "240802095332O199", "fields": {"cod_ubicacion": "182209018935", "cod_tipo_foto": 1, "foto": "land_inspections/182209018935_240802095332O199.jpg"}}, {"model": "land_inspections.locationphoto", "pk": "240802095341O199", "fields": {"cod_ubicacion": "182209018935", "cod_tipo_foto": 3, "foto": "land_inspections/182209018935_240802095341O199.jpg"}}, {"model": "land_inspections.locationphoto", "pk": "240802095817O199", "fields": {"cod_ubicacion": "182209018659", "cod_tipo_foto": 1, "foto": "land_inspections/182209018659_240802095817O199.jpg"}}, {"model": "land_inspections.locationphoto", "pk": "240802095848O199", "fields": {"cod_ubicacion": "182209018659", "cod_tipo_foto": 2, "foto": "land_inspections/182209018659_240802095848O199.jpg"}}, {"model": "land_inspections.locationphoto", "pk": "240802095912O199", "fields": {"cod_ubicacion": "182209018659", "cod_tipo_foto": 3, "foto": "land_inspections/182209018659_240802095912O199.jpg"}}, {"model": "land_inspections.locationphoto", "pk": "240802100301O199", "fields": {"cod_ubicacion": "182209018658", "cod_tipo_foto": 2, "foto": "land_inspections/182209018658_240802100301O199.jpg"}}, {"model": "land_inspections.locationphoto", "pk": "240802100308O199", "fields": {"cod_ubicacion": "182209018658", "cod_tipo_foto": 1, "foto": "land_inspections/182209018658_240802100308O199.jpg"}}, {"model": "land_inspections.locationphoto", "pk": "240802100718O199", "fields": {"cod_ubicacion": "182209015416", "cod_tipo_foto": 1, "foto": "land_inspections/182209015416_240802100718O199.jpg"}}, {"model": "land_inspections.locationphoto", "pk": "240802100727O199", "fields": {"cod_ubicacion": "182209015416", "cod_tipo_foto": 2, "foto": "land_inspections/182209015416_240802100727O199.jpg"}}, {"model": "land_inspections.locationphoto", "pk": "240802100747O199", "fields": {"cod_ubicacion": "182209015416", "cod_tipo_foto": 3, "foto": "land_inspections/182209015416_240802100747O199.jpg"}}, {"model": "land_inspections.locationphoto", "pk": "240802101307O199", "fields": {"cod_ubicacion": "182209015317", "cod_tipo_foto": 1, "foto": "land_inspections/182209015317_240802101307O199.jpg"}}, {"model": "land_inspections.locationphoto", "pk": "240802101315O199", "fields": {"cod_ubicacion": "182209015317", "cod_tipo_foto": 2, "foto": "land_inspections/182209015317_240802101315O199.jpg"}}, {"model": "land_inspections.locationphoto", "pk": "240802101323O199", "fields": {"cod_ubicacion": "182209015317", "cod_tipo_foto": 3, "foto": "land_inspections/182209015317_240802101323O199.jpg"}}, {"model": "land_inspections.locationphoto", "pk": "240802101908O199", "fields": {"cod_ubicacion": "22090122090199005234010101001", "cod_tipo_foto": 1, "foto": "land_inspections/22090122090199005234010101001_240802101908O199.jpg"}}, {"model": "land_inspections.locationphoto", "pk": "240802101921O199", "fields": {"cod_ubicacion": "22090122090199005234010101001", "cod_tipo_foto": 2, "foto": "land_inspections/22090122090199005234010101001_240802101921O199.jpg"}}, {"model": "land_inspections.locationphoto", "pk": "240802101940O199", "fields": {"cod_ubicacion": "22090122090199005234010101001", "cod_tipo_foto": 3, "foto": "land_inspections/22090122090199005234010101001_240802101940O199.jpg"}}, {"model": "land_inspections.locationphoto", "pk": "240802102315O199", "fields": {"cod_ubicacion": "182209017787", "cod_tipo_foto": 1, "foto": "land_inspections/182209017787_240802102315O199.jpg"}}, {"model": "land_inspections.locationphoto", "pk": "240802102322O199", "fields": {"cod_ubicacion": "182209017787", "cod_tipo_foto": 2, "foto": "land_inspections/182209017787_240802102322O199.jpg"}}, {"model": "land_inspections.locationphoto", "pk": "240802102344O199", "fields": {"cod_ubicacion": "182209017787", "cod_tipo_foto": 3, "foto": "land_inspections/182209017787_240802102344O199.jpg"}}, {"model": "land_inspections.locationphoto", "pk": "240802102756O199", "fields": {"cod_ubicacion": "182209017935", "cod_tipo_foto": 1, "foto": "land_inspections/182209017935_240802102756O199.jpg"}}, {"model": "land_inspections.locationphoto", "pk": "240802102807O199", "fields": {"cod_ubicacion": "182209017935", "cod_tipo_foto": 2, "foto": "land_inspections/182209017935_240802102807O199.jpg"}}, {"model": "land_inspections.locationphoto", "pk": "240802102820O199", "fields": {"cod_ubicacion": "182209017935", "cod_tipo_foto": 3, "foto": "land_inspections/182209017935_240802102820O199.jpg"}}, {"model": "land_inspections.locationphoto", "pk": "240802103234O199", "fields": {"cod_ubicacion": "182209017934", "cod_tipo_foto": 1, "foto": "land_inspections/182209017934_240802103234O199.jpg"}}, {"model": "land_inspections.locationphoto", "pk": "240802103243O199", "fields": {"cod_ubicacion": "182209017934", "cod_tipo_foto": 2, "foto": "land_inspections/182209017934_240802103243O199.jpg"}}, {"model": "land_inspections.locationphoto", "pk": "240802103253O199", "fields": {"cod_ubicacion": "182209017934", "cod_tipo_foto": 3, "foto": "land_inspections/182209017934_240802103253O199.jpg"}}, {"model": "land_inspections.locationphoto", "pk": "240802103713O199", "fields": {"cod_ubicacion": "182209016731", "cod_tipo_foto": 1, "foto": "land_inspections/182209016731_240802103713O199.jpg"}}, {"model": "land_inspections.locationphoto", "pk": "240802103721O199", "fields": {"cod_ubicacion": "182209016731", "cod_tipo_foto": 2, "foto": "land_inspections/182209016731_240802103721O199.jpg"}}, {"model": "land_inspections.locationphoto", "pk": "240802103728O199", "fields": {"cod_ubicacion": "182209016731", "cod_tipo_foto": 3, "foto": "land_inspections/182209016731_240802103728O199.jpg"}}, {"model": "land_inspections.locationphoto", "pk": "240802104019O199", "fields": {"cod_ubicacion": "22090122090199164044010101001", "cod_tipo_foto": 2, "foto": "land_inspections/22090122090199164044010101001_240802104019O199.jpg"}}, {"model": "land_inspections.locationphoto", "pk": "240802104027O199", "fields": {"cod_ubicacion": "22090122090199164044010101001", "cod_tipo_foto": 3, "foto": "land_inspections/22090122090199164044010101001_240802104027O199.jpg"}}, {"model": "land_inspections.locationphoto", "pk": "240802104034O199", "fields": {"cod_ubicacion": "22090122090199164044010101001", "cod_tipo_foto": 1, "foto": "land_inspections/22090122090199164044010101001_240802104034O199.jpg"}}, {"model": "land_inspections.locationphoto", "pk": "240802104440O199", "fields": {"cod_ubicacion": "22090122090199037500010101001", "cod_tipo_foto": 1, "foto": "land_inspections/22090122090199037500010101001_240802104440O199.jpg"}}, {"model": "land_inspections.locationphoto", "pk": "240802104449O199", "fields": {"cod_ubicacion": "22090122090199037500010101001", "cod_tipo_foto": 2, "foto": "land_inspections/22090122090199037500010101001_240802104449O199.jpg"}}, {"model": "land_inspections.locationphoto", "pk": "240802104508O199", "fields": {"cod_ubicacion": "22090122090199037500010101001", "cod_tipo_foto": 3, "foto": "land_inspections/22090122090199037500010101001_240802104508O199.jpg"}}, {"model": "land_inspections.locationphoto", "pk": "240802105201O199", "fields": {"cod_ubicacion": "182209018063", "cod_tipo_foto": 2, "foto": "land_inspections/182209018063_240802105201O199.jpg"}}, {"model": "land_inspections.locationphoto", "pk": "240802105206O199", "fields": {"cod_ubicacion": "182209018063", "cod_tipo_foto": 1, "foto": "land_inspections/182209018063_240802105206O199.jpg"}}, {"model": "land_inspections.locationphoto", "pk": "240802105225O199", "fields": {"cod_ubicacion": "182209018063", "cod_tipo_foto": 3, "foto": "land_inspections/182209018063_240802105225O199.jpg"}}, {"model": "land_inspections.locationphoto", "pk": "240802105628O199", "fields": {"cod_ubicacion": "182209018906", "cod_tipo_foto": 1, "foto": "land_inspections/182209018906_240802105628O199.jpg"}}, {"model": "land_inspections.locationphoto", "pk": "240802105639O199", "fields": {"cod_ubicacion": "182209018906", "cod_tipo_foto": 2, "foto": "land_inspections/182209018906_240802105639O199.jpg"}}, {"model": "land_inspections.locationphoto", "pk": "240802105651O199", "fields": {"cod_ubicacion": "182209018906", "cod_tipo_foto": 3, "foto": "land_inspections/182209018906_240802105651O199.jpg"}}, {"model": "land_inspections.locationphoto", "pk": "240802105706O199", "fields": {"cod_ubicacion": "182209018906", "cod_tipo_foto": 4, "foto": "land_inspections/182209018906_240802105706O199.jpg"}}, {"model": "land_inspections.locationphoto", "pk": "240802110050O199", "fields": {"cod_ubicacion": "182209017398", "cod_tipo_foto": 2, "foto": "land_inspections/182209017398_240802110050O199.jpg"}}, {"model": "land_inspections.locationphoto", "pk": "240802110055O199", "fields": {"cod_ubicacion": "182209017398", "cod_tipo_foto": 1, "foto": "land_inspections/182209017398_240802110055O199.jpg"}}, {"model": "land_inspections.locationphoto", "pk": "240802110114O199", "fields": {"cod_ubicacion": "182209017398", "cod_tipo_foto": 3, "foto": "land_inspections/182209017398_240802110114O199.jpg"}}, {"model": "land_inspections.locationphoto", "pk": "240802110549O199", "fields": {"cod_ubicacion": "22090122090199013166010101001", "cod_tipo_foto": 1, "foto": "land_inspections/22090122090199013166010101001_240802110549O199.jpg"}}, {"model": "land_inspections.locationphoto", "pk": "240802110555O199", "fields": {"cod_ubicacion": "22090122090199013166010101001", "cod_tipo_foto": 2, "foto": "land_inspections/22090122090199013166010101001_240802110555O199.jpg"}}, {"model": "land_inspections.locationphoto", "pk": "240802110608O199", "fields": {"cod_ubicacion": "22090122090199013166010101001", "cod_tipo_foto": 3, "foto": "land_inspections/22090122090199013166010101001_240802110608O199.jpg"}}, {"model": "land_inspections.locationphoto", "pk": "240802110947O199", "fields": {"cod_ubicacion": "22090122090199046898010101001", "cod_tipo_foto": 2, "foto": "land_inspections/22090122090199046898010101001_240802110947O199.jpg"}}, {"model": "land_inspections.locationphoto", "pk": "240802111001O199", "fields": {"cod_ubicacion": "22090122090199046898010101001", "cod_tipo_foto": 3, "foto": "land_inspections/22090122090199046898010101001_240802111001O199.jpg"}}, {"model": "land_inspections.locationphoto", "pk": "240802111016O199", "fields": {"cod_ubicacion": "22090122090199046898010101001", "cod_tipo_foto": 1, "foto": "land_inspections/22090122090199046898010101001_240802111016O199.jpg"}}, {"model": "land_inspections.locationphoto", "pk": "240802111703O199", "fields": {"cod_ubicacion": "182209016741", "cod_tipo_foto": 1, "foto": "land_inspections/182209016741_240802111703O199.jpg"}}, {"model": "land_inspections.locationphoto", "pk": "240802111714O199", "fields": {"cod_ubicacion": "182209016741", "cod_tipo_foto": 2, "foto": "land_inspections/182209016741_240802111714O199.jpg"}}, {"model": "land_inspections.locationphoto", "pk": "240802111727O199", "fields": {"cod_ubicacion": "182209016741", "cod_tipo_foto": 3, "foto": "land_inspections/182209016741_240802111727O199.jpg"}}, {"model": "land_inspections.locationphoto", "pk": "240802112034O199", "fields": {"cod_ubicacion": "22090122090199043642010101001", "cod_tipo_foto": 1, "foto": "land_inspections/22090122090199043642010101001_240802112034O199.jpg"}}, {"model": "land_inspections.locationphoto", "pk": "240802112046O199", "fields": {"cod_ubicacion": "22090122090199043642010101001", "cod_tipo_foto": 2, "foto": "land_inspections/22090122090199043642010101001_240802112046O199.jpg"}}, {"model": "land_inspections.locationphoto", "pk": "240802112107O199", "fields": {"cod_ubicacion": "22090122090199043642010101001", "cod_tipo_foto": 3, "foto": "land_inspections/22090122090199043642010101001_240802112107O199.jpg"}}, {"model": "land_inspections.locationphoto", "pk": "240802112246O199", "fields": {"cod_ubicacion": "182209016540", "cod_tipo_foto": 3, "foto": "land_inspections/182209016540_240802112246O199.jpg"}}, {"model": "land_inspections.locationphoto", "pk": "240802112258O199", "fields": {"cod_ubicacion": "182209016540", "cod_tipo_foto": 2, "foto": "land_inspections/182209016540_240802112258O199.jpg"}}, {"model": "land_inspections.locationphoto", "pk": "240802112318O199", "fields": {"cod_ubicacion": "182209016540", "cod_tipo_foto": 1, "foto": "land_inspections/182209016540_240802112318O199.jpg"}}, {"model": "land_inspections.ownershiptype", "pk": 1, "fields": {"desc_tipo_tit": "Predio"}}, {"model": "land_inspections.ownershiptype", "pk": 2, "fields": {"desc_tipo_tit": "Suministro"}}, {"model": "land_inspections.recordownership", "pk": "182209015317", "fields": {"ubigeo": "220901", "cod_tipo_tit": 1, "cod_ubicacion": "182209015317", "status": 0, "file_notificacion": ""}}, {"model": "land_inspections.recordownership", "pk": "182209015416", "fields": {"ubigeo": "220901", "cod_tipo_tit": 1, "cod_ubicacion": "182209015416", "status": 0, "file_notificacion": ""}}, {"model": "land_inspections.recordownership", "pk": "182209015876", "fields": {"ubigeo": "220901", "cod_tipo_tit": 1, "cod_ubicacion": "182209015876", "status": 0, "file_notificacion": ""}}, {"model": "land_inspections.recordownership", "pk": "182209016540", "fields": {"ubigeo": "220901", "cod_tipo_tit": 1, "cod_ubicacion": "182209016540", "status": 0, "file_notificacion": ""}}, {"model": "land_inspections.recordownership", "pk": "182209016731", "fields": {"ubigeo": "220901", "cod_tipo_tit": 1, "cod_ubicacion": "182209016731", "status": 0, "file_notificacion": ""}}, {"model": "land_inspections.recordownership", "pk": "182209016741", "fields": {"ubigeo": "220901", "cod_tipo_tit": 1, "cod_ubicacion": "182209016741", "status": 0, "file_notificacion": ""}}, {"model": "land_inspections.recordownership", "pk": "182209017398", "fields": {"ubigeo": "220901", "cod_tipo_tit": 1, "cod_ubicacion": "182209017398", "status": 0, "file_notificacion": ""}}, {"model": "land_inspections.recordownership", "pk": "182209017787", "fields": {"ubigeo": "220901", "cod_tipo_tit": 1, "cod_ubicacion": "182209017787", "status": 0, "file_notificacion": ""}}, {"model": "land_inspections.recordownership", "pk": "182209017934", "fields": {"ubigeo": "220901", "cod_tipo_tit": 1, "cod_ubicacion": "182209017934", "status": 0, "file_notificacion": ""}}, {"model": "land_inspections.recordownership", "pk": "182209017935", "fields": {"ubigeo": "220901", "cod_tipo_tit": 1, "cod_ubicacion": "182209017935", "status": 0, "file_notificacion": ""}}, {"model": "land_inspections.recordownership", "pk": "182209018063", "fields": {"ubigeo": "220901", "cod_tipo_tit": 1, "cod_ubicacion": "182209018063", "status": 0, "file_notificacion": ""}}, {"model": "land_inspections.recordownership", "pk": "182209018118", "fields": {"ubigeo": "220901", "cod_tipo_tit": 1, "cod_ubicacion": "182209018118", "status": 0, "file_notificacion": ""}}, {"model": "land_inspections.recordownership", "pk": "182209018329", "fields": {"ubigeo": "220901", "cod_tipo_tit": 1, "cod_ubicacion": "182209018329", "status": 0, "file_notificacion": ""}}, {"model": "land_inspections.recordownership", "pk": "182209018413", "fields": {"ubigeo": "220901", "cod_tipo_tit": 1, "cod_ubicacion": "182209018413", "status": 6, "file_notificacion": "undefined_I4X45oU.pdf"}}, {"model": "land_inspections.recordownership", "pk": "182209018658", "fields": {"ubigeo": "220901", "cod_tipo_tit": 1, "cod_ubicacion": "182209018658", "status": 0, "file_notificacion": ""}}, {"model": "land_inspections.recordownership", "pk": "182209018659", "fields": {"ubigeo": "220901", "cod_tipo_tit": 1, "cod_ubicacion": "182209018659", "status": 0, "file_notificacion": ""}}, {"model": "land_inspections.recordownership", "pk": "182209018815", "fields": {"ubigeo": "220901", "cod_tipo_tit": 1, "cod_ubicacion": "182209018815", "status": 0, "file_notificacion": ""}}, {"model": "land_inspections.recordownership", "pk": "182209018906", "fields": {"ubigeo": "220901", "cod_tipo_tit": 1, "cod_ubicacion": "182209018906", "status": 0, "file_notificacion": ""}}, {"model": "land_inspections.recordownership", "pk": "182209018935", "fields": {"ubigeo": "220901", "cod_tipo_tit": 1, "cod_ubicacion": "182209018935", "status": 0, "file_notificacion": ""}}, {"model": "land_inspections.recordownership", "pk": "182209018992", "fields": {"ubigeo": "220901", "cod_tipo_tit": 1, "cod_ubicacion": "182209018992", "status": 6, "file_notificacion": "undefined_PqAmyob.pdf"}}, {"model": "land_inspections.recordownership", "pk": "182209019412", "fields": {"ubigeo": "220901", "cod_tipo_tit": 1, "cod_ubicacion": "182209019412", "status": 0, "file_notificacion": ""}}, {"model": "land_inspections.recordownership", "pk": "22090122090199005234010101001", "fields": {"ubigeo": "220901", "cod_tipo_tit": 1, "cod_ubicacion": "22090122090199005234010101001", "status": 0, "file_notificacion": ""}}, {"model": "land_inspections.recordownership", "pk": "22090122090199010728010101001", "fields": {"ubigeo": "220901", "cod_tipo_tit": 1, "cod_ubicacion": "22090122090199010728010101001", "status": 6, "file_notificacion": "undefined_n9uWkNR.pdf"}}, {"model": "land_inspections.recordownership", "pk": "22090122090199013166010101001", "fields": {"ubigeo": "220901", "cod_tipo_tit": 1, "cod_ubicacion": "22090122090199013166010101001", "status": 0, "file_notificacion": ""}}, {"model": "land_inspections.recordownership", "pk": "22090122090199035599010101001", "fields": {"ubigeo": "220901", "cod_tipo_tit": 1, "cod_ubicacion": "22090122090199035599010101001", "status": 0, "file_notificacion": ""}}, {"model": "land_inspections.recordownership", "pk": "22090122090199037500010101001", "fields": {"ubigeo": "220901", "cod_tipo_tit": 1, "cod_ubicacion": "22090122090199037500010101001", "status": 0, "file_notificacion": ""}}, {"model": "land_inspections.recordownership", "pk": "22090122090199039439010101001", "fields": {"ubigeo": "220901", "cod_tipo_tit": 1, "cod_ubicacion": "22090122090199039439010101001", "status": 0, "file_notificacion": ""}}, {"model": "land_inspections.recordownership", "pk": "22090122090199042935010101001", "fields": {"ubigeo": "220901", "cod_tipo_tit": 1, "cod_ubicacion": "22090122090199042935010101001", "status": 0, "file_notificacion": ""}}, {"model": "land_inspections.recordownership", "pk": "22090122090199043642010101001", "fields": {"ubigeo": "220901", "cod_tipo_tit": 1, "cod_ubicacion": "22090122090199043642010101001", "status": 0, "file_notificacion": ""}}, {"model": "land_inspections.recordownership", "pk": "22090122090199046898010101001", "fields": {"ubigeo": "220901", "cod_tipo_tit": 1, "cod_ubicacion": "22090122090199046898010101001", "status": 0, "file_notificacion": ""}}, {"model": "land_inspections.recordownership", "pk": "22090122090199161861010101001", "fields": {"ubigeo": "220901", "cod_tipo_tit": 1, "cod_ubicacion": "22090122090199161861010101001", "status": 6, "file_notificacion": ""}}, {"model": "land_inspections.recordownership", "pk": "22090122090199164044010101001", "fields": {"ubigeo": "220901", "cod_tipo_tit": 1, "cod_ubicacion": "22090122090199164044010101001", "status": 0, "file_notificacion": ""}}, {"model": "land_inspections.landcharacteristic", "pk": 91, "fields": {"cod_tit": "22090122090199161861010101001", "categoria_electrica": "", "piso": "1", "estado_conserva": 1, "anio_construccion": "", "catergoria_techo": "", "longitud_frente": 0.0, "categoria_muro_columna": "", "catergoria_puerta_ventana": "", "arancel": 0.0, "material_pred": 2, "categoria_revestimiento": "", "area_terreno": 0.0, "clasificacion_pred": "", "catergoria_piso": "", "catergoria_bano": "", "area_construida": 0.0}}, {"model": "land_inspections.landcharacteristic", "pk": 92, "fields": {"cod_tit": "22090122090199035599010101001", "categoria_electrica": "", "piso": "1", "estado_conserva": 0, "anio_construccion": "", "catergoria_techo": "", "longitud_frente": 12.0, "categoria_muro_columna": "", "catergoria_puerta_ventana": "", "arancel": 0.0, "material_pred": 1, "categoria_revestimiento": "", "area_terreno": 0.0, "clasificacion_pred": "", "catergoria_piso": "", "catergoria_bano": "", "area_construida": 0.0}}, {"model": "land_inspections.landcharacteristic", "pk": 93, "fields": {"cod_tit": "22090122090199039439010101001", "categoria_electrica": "", "piso": "1", "estado_conserva": 3, "anio_construccion": "", "catergoria_techo": "", "longitud_frente": 7.0, "categoria_muro_columna": "", "catergoria_puerta_ventana": "", "arancel": 0.0, "material_pred": 1, "categoria_revestimiento": "", "area_terreno": 0.0, "clasificacion_pred": "", "catergoria_piso": "", "catergoria_bano": "", "area_construida": 0.0}}, {"model": "land_inspections.landcharacteristic", "pk": 94, "fields": {"cod_tit": "22090122090199042935010101001", "categoria_electrica": "", "piso": "1", "estado_conserva": 3, "anio_construccion": "", "catergoria_techo": "", "longitud_frente": 6.0, "categoria_muro_columna": "", "catergoria_puerta_ventana": "", "arancel": 0.0, "material_pred": 3, "categoria_revestimiento": "", "area_terreno": 0.0, "clasificacion_pred": "", "catergoria_piso": "", "catergoria_bano": "", "area_construida": 0.0}}, {"model": "land_inspections.landcharacteristic", "pk": 95, "fields": {"cod_tit": "22090122090199010728010101001", "categoria_electrica": "", "piso": "0", "estado_conserva": 0, "anio_construccion": "", "catergoria_techo": "", "longitud_frente": 10.0, "categoria_muro_columna": "", "catergoria_puerta_ventana": "", "arancel": 0.0, "material_pred": 0, "categoria_revestimiento": "", "area_terreno": 0.0, "clasificacion_pred": "", "catergoria_piso": "", "catergoria_bano": "", "area_construida": 0.0}}, {"model": "land_inspections.landcharacteristic", "pk": 96, "fields": {"cod_tit": "182209018992", "categoria_electrica": "", "piso": "3", "estado_conserva": 2, "anio_construccion": "", "catergoria_techo": "", "longitud_frente": 4.0, "categoria_muro_columna": "", "catergoria_puerta_ventana": "", "arancel": 0.0, "material_pred": 2, "categoria_revestimiento": "", "area_terreno": 0.0, "clasificacion_pred": "", "catergoria_piso": "", "catergoria_bano": "", "area_construida": 0.0}}, {"model": "land_inspections.landcharacteristic", "pk": 97, "fields": {"cod_tit": "182209018413", "categoria_electrica": "", "piso": "1", "estado_conserva": 3, "anio_construccion": "", "catergoria_techo": "", "longitud_frente": 5.0, "categoria_muro_columna": "", "catergoria_puerta_ventana": "", "arancel": 0.0, "material_pred": 3, "categoria_revestimiento": "", "area_terreno": 0.0, "clasificacion_pred": "", "catergoria_piso": "", "catergoria_bano": "", "area_construida": 0.0}}, {"model": "land_inspections.landcharacteristic", "pk": 98, "fields": {"cod_tit": "182209018329", "categoria_electrica": "", "piso": "1", "estado_conserva": 3, "anio_construccion": "", "catergoria_techo": "", "longitud_frente": 7.0, "categoria_muro_columna": "", "catergoria_puerta_ventana": "", "arancel": 0.0, "material_pred": 3, "categoria_revestimiento": "", "area_terreno": 0.0, "clasificacion_pred": "", "catergoria_piso": "", "catergoria_bano": "", "area_construida": 0.0}}, {"model": "land_inspections.landcharacteristic", "pk": 99, "fields": {"cod_tit": "182209018118", "categoria_electrica": "", "piso": "1", "estado_conserva": 3, "anio_construccion": "", "catergoria_techo": "", "longitud_frente": 15.5, "categoria_muro_columna": "", "catergoria_puerta_ventana": "", "arancel": 0.0, "material_pred": 3, "categoria_revestimiento": "", "area_terreno": 0.0, "clasificacion_pred": "", "catergoria_piso": "", "catergoria_bano": "", "area_construida": 0.0}}, {"model": "land_inspections.landcharacteristic", "pk": 100, "fields": {"cod_tit": "182209019412", "categoria_electrica": "", "piso": "2", "estado_conserva": 2, "anio_construccion": "", "catergoria_techo": "", "longitud_frente": 9.0, "categoria_muro_columna": "", "catergoria_puerta_ventana": "", "arancel": 0.0, "material_pred": 2, "categoria_revestimiento": "", "area_terreno": 0.0, "clasificacion_pred": "", "catergoria_piso": "", "catergoria_bano": "", "area_construida": 0.0}}, {"model": "land_inspections.landcharacteristic", "pk": 101, "fields": {"cod_tit": "182209015876", "categoria_electrica": "", "piso": "1", "estado_conserva": 2, "anio_construccion": "", "catergoria_techo": "", "longitud_frente": 6.0, "categoria_muro_columna": "", "catergoria_puerta_ventana": "", "arancel": 0.0, "material_pred": 2, "categoria_revestimiento": "", "area_terreno": 0.0, "clasificacion_pred": "", "catergoria_piso": "", "catergoria_bano": "", "area_construida": 0.0}}, {"model": "land_inspections.landcharacteristic", "pk": 102, "fields": {"cod_tit": "182209018815", "categoria_electrica": "", "piso": "1", "estado_conserva": 3, "anio_construccion": "", "catergoria_techo": "", "longitud_frente": 50.0, "categoria_muro_columna": "", "catergoria_puerta_ventana": "", "arancel": 0.0, "material_pred": 3, "categoria_revestimiento": "", "area_terreno": 0.0, "clasificacion_pred": "", "catergoria_piso": "", "catergoria_bano": "", "area_construida": 0.0}}, {"model": "land_inspections.landcharacteristic", "pk": 103, "fields": {"cod_tit": "182209018935", "categoria_electrica": "", "piso": "1", "estado_conserva": 2, "anio_construccion": "", "catergoria_techo": "", "longitud_frente": 4.0, "categoria_muro_columna": "", "catergoria_puerta_ventana": "", "arancel": 0.0, "material_pred": 2, "categoria_revestimiento": "", "area_terreno": 0.0, "clasificacion_pred": "", "catergoria_piso": "", "catergoria_bano": "", "area_construida": 0.0}}, {"model": "land_inspections.landcharacteristic", "pk": 104, "fields": {"cod_tit": "182209018659", "categoria_electrica": "", "piso": "1", "estado_conserva": 3, "anio_construccion": "", "catergoria_techo": "", "longitud_frente": 6.0, "categoria_muro_columna": "", "catergoria_puerta_ventana": "", "arancel": 0.0, "material_pred": 2, "categoria_revestimiento": "", "area_terreno": 0.0, "clasificacion_pred": "", "catergoria_piso": "", "catergoria_bano": "", "area_construida": 0.0}}, {"model": "land_inspections.landcharacteristic", "pk": 105, "fields": {"cod_tit": "182209018658", "categoria_electrica": "", "piso": "2", "estado_conserva": 2, "anio_construccion": "", "catergoria_techo": "", "longitud_frente": 4.0, "categoria_muro_columna": "", "catergoria_puerta_ventana": "", "arancel": 0.0, "material_pred": 2, "categoria_revestimiento": "", "area_terreno": 0.0, "clasificacion_pred": "", "catergoria_piso": "", "catergoria_bano": "", "area_construida": 0.0}}, {"model": "land_inspections.landcharacteristic", "pk": 106, "fields": {"cod_tit": "182209015416", "categoria_electrica": "", "piso": "1", "estado_conserva": 3, "anio_construccion": "", "catergoria_techo": "", "longitud_frente": 12.0, "categoria_muro_columna": "", "catergoria_puerta_ventana": "", "arancel": 0.0, "material_pred": 2, "categoria_revestimiento": "", "area_terreno": 0.0, "clasificacion_pred": "", "catergoria_piso": "", "catergoria_bano": "", "area_construida": 0.0}}, {"model": "land_inspections.landcharacteristic", "pk": 107, "fields": {"cod_tit": "182209015317", "categoria_electrica": "", "piso": "1", "estado_conserva": 2, "anio_construccion": "", "catergoria_techo": "", "longitud_frente": 15.0, "categoria_muro_columna": "", "catergoria_puerta_ventana": "", "arancel": 0.0, "material_pred": 2, "categoria_revestimiento": "", "area_terreno": 0.0, "clasificacion_pred": "", "catergoria_piso": "", "catergoria_bano": "", "area_construida": 0.0}}, {"model": "land_inspections.landcharacteristic", "pk": 108, "fields": {"cod_tit": "22090122090199005234010101001", "categoria_electrica": "", "piso": "2", "estado_conserva": 2, "anio_construccion": "", "catergoria_techo": "", "longitud_frente": 30.0, "categoria_muro_columna": "", "catergoria_puerta_ventana": "", "arancel": 0.0, "material_pred": 1, "categoria_revestimiento": "", "area_terreno": 0.0, "clasificacion_pred": "", "catergoria_piso": "", "catergoria_bano": "", "area_construida": 0.0}}, {"model": "land_inspections.landcharacteristic", "pk": 109, "fields": {"cod_tit": "182209017787", "categoria_electrica": "", "piso": "3", "estado_conserva": 2, "anio_construccion": "", "catergoria_techo": "", "longitud_frente": 5.0, "categoria_muro_columna": "", "catergoria_puerta_ventana": "", "arancel": 0.0, "material_pred": 2, "categoria_revestimiento": "", "area_terreno": 0.0, "clasificacion_pred": "", "catergoria_piso": "", "catergoria_bano": "", "area_construida": 0.0}}, {"model": "land_inspections.landcharacteristic", "pk": 110, "fields": {"cod_tit": "182209017935", "categoria_electrica": "", "piso": "1", "estado_conserva": 3, "anio_construccion": "", "catergoria_techo": "", "longitud_frente": 10.0, "categoria_muro_columna": "", "catergoria_puerta_ventana": "", "arancel": 0.0, "material_pred": 3, "categoria_revestimiento": "", "area_terreno": 0.0, "clasificacion_pred": "", "catergoria_piso": "", "catergoria_bano": "", "area_construida": 0.0}}, {"model": "land_inspections.landcharacteristic", "pk": 111, "fields": {"cod_tit": "182209017934", "categoria_electrica": "", "piso": "0", "estado_conserva": 0, "anio_construccion": "", "catergoria_techo": "", "longitud_frente": 25.0, "categoria_muro_columna": "", "catergoria_puerta_ventana": "", "arancel": 0.0, "material_pred": 0, "categoria_revestimiento": "", "area_terreno": 0.0, "clasificacion_pred": "", "catergoria_piso": "", "catergoria_bano": "", "area_construida": 0.0}}, {"model": "land_inspections.landcharacteristic", "pk": 112, "fields": {"cod_tit": "182209016731", "categoria_electrica": "", "piso": "1", "estado_conserva": 2, "anio_construccion": "", "catergoria_techo": "", "longitud_frente": 5.0, "categoria_muro_columna": "", "catergoria_puerta_ventana": "", "arancel": 0.0, "material_pred": 2, "categoria_revestimiento": "", "area_terreno": 0.0, "clasificacion_pred": "", "catergoria_piso": "", "catergoria_bano": "", "area_construida": 0.0}}, {"model": "land_inspections.landcharacteristic", "pk": 113, "fields": {"cod_tit": "22090122090199164044010101001", "categoria_electrica": "", "piso": "1", "estado_conserva": 3, "anio_construccion": "", "catergoria_techo": "", "longitud_frente": 8.2, "categoria_muro_columna": "", "catergoria_puerta_ventana": "", "arancel": 0.0, "material_pred": 3, "categoria_revestimiento": "", "area_terreno": 0.0, "clasificacion_pred": "", "catergoria_piso": "", "catergoria_bano": "", "area_construida": 0.0}}, {"model": "land_inspections.landcharacteristic", "pk": 114, "fields": {"cod_tit": "22090122090199037500010101001", "categoria_electrica": "", "piso": "1", "estado_conserva": 3, "anio_construccion": "", "catergoria_techo": "", "longitud_frente": 4.0, "categoria_muro_columna": "", "catergoria_puerta_ventana": "", "arancel": 0.0, "material_pred": 2, "categoria_revestimiento": "", "area_terreno": 0.0, "clasificacion_pred": "", "catergoria_piso": "", "catergoria_bano": "", "area_construida": 0.0}}, {"model": "land_inspections.landcharacteristic", "pk": 115, "fields": {"cod_tit": "182209018063", "categoria_electrica": "", "piso": "1", "estado_conserva": 2, "anio_construccion": "", "catergoria_techo": "", "longitud_frente": 6.0, "categoria_muro_columna": "", "catergoria_puerta_ventana": "", "arancel": 0.0, "material_pred": 2, "categoria_revestimiento": "", "area_terreno": 0.0, "clasificacion_pred": "", "catergoria_piso": "", "catergoria_bano": "", "area_construida": 0.0}}, {"model": "land_inspections.landcharacteristic", "pk": 116, "fields": {"cod_tit": "182209018906", "categoria_electrica": "", "piso": "4", "estado_conserva": 2, "anio_construccion": "", "catergoria_techo": "", "longitud_frente": 12.0, "categoria_muro_columna": "", "catergoria_puerta_ventana": "", "arancel": 0.0, "material_pred": 2, "categoria_revestimiento": "", "area_terreno": 0.0, "clasificacion_pred": "", "catergoria_piso": "", "catergoria_bano": "", "area_construida": 0.0}}, {"model": "land_inspections.landcharacteristic", "pk": 117, "fields": {"cod_tit": "182209017398", "categoria_electrica": "", "piso": "2", "estado_conserva": 2, "anio_construccion": "", "catergoria_techo": "", "longitud_frente": 4.0, "categoria_muro_columna": "", "catergoria_puerta_ventana": "", "arancel": 0.0, "material_pred": 2, "categoria_revestimiento": "", "area_terreno": 0.0, "clasificacion_pred": "", "catergoria_piso": "", "catergoria_bano": "", "area_construida": 0.0}}, {"model": "land_inspections.landcharacteristic", "pk": 118, "fields": {"cod_tit": "22090122090199013166010101001", "categoria_electrica": "", "piso": "199", "estado_conserva": 2, "anio_construccion": "", "catergoria_techo": "", "longitud_frente": 4.0, "categoria_muro_columna": "", "catergoria_puerta_ventana": "", "arancel": 0.0, "material_pred": 2, "categoria_revestimiento": "", "area_terreno": 0.0, "clasificacion_pred": "", "catergoria_piso": "", "catergoria_bano": "", "area_construida": 0.0}}, {"model": "land_inspections.landcharacteristic", "pk": 119, "fields": {"cod_tit": "22090122090199046898010101001", "categoria_electrica": "", "piso": "1", "estado_conserva": 3, "anio_construccion": "", "catergoria_techo": "", "longitud_frente": 16.0, "categoria_muro_columna": "", "catergoria_puerta_ventana": "", "arancel": 0.0, "material_pred": 2, "categoria_revestimiento": "", "area_terreno": 0.0, "clasificacion_pred": "", "catergoria_piso": "", "catergoria_bano": "", "area_construida": 0.0}}, {"model": "land_inspections.landcharacteristic", "pk": 120, "fields": {"cod_tit": "182209016741", "categoria_electrica": "", "piso": "1", "estado_conserva": 2, "anio_construccion": "", "catergoria_techo": "", "longitud_frente": 6.0, "categoria_muro_columna": "", "catergoria_puerta_ventana": "", "arancel": 0.0, "material_pred": 2, "categoria_revestimiento": "", "area_terreno": 0.0, "clasificacion_pred": "", "catergoria_piso": "", "catergoria_bano": "", "area_construida": 0.0}}, {"model": "land_inspections.landcharacteristic", "pk": 121, "fields": {"cod_tit": "22090122090199043642010101001", "categoria_electrica": "", "piso": "1", "estado_conserva": 3, "anio_construccion": "", "catergoria_techo": "", "longitud_frente": 4.0, "categoria_muro_columna": "", "catergoria_puerta_ventana": "", "arancel": 0.0, "material_pred": 2, "categoria_revestimiento": "", "area_terreno": 0.0, "clasificacion_pred": "", "catergoria_piso": "", "catergoria_bano": "", "area_construida": 0.0}}, {"model": "land_inspections.landcharacteristic", "pk": 122, "fields": {"cod_tit": "182209016540", "categoria_electrica": "", "piso": "1", "estado_conserva": 3, "anio_construccion": "", "catergoria_techo": "", "longitud_frente": 12.0, "categoria_muro_columna": "", "catergoria_puerta_ventana": "", "arancel": 0.0, "material_pred": 2, "categoria_revestimiento": "", "area_terreno": 0.0, "clasificacion_pred": "", "catergoria_piso": "", "catergoria_bano": "", "area_construida": 0.0}}, {"model": "land_inspections.facilitytype", "pk": 1, "fields": {"desc_tipo_inst": "Otros"}}, {"model": "land_inspections.facilitytype", "pk": 2, "fields": {"desc_tipo_inst": "tipo de instalacion 2"}}, {"model": "land_inspections.supplytype", "pk": 1, "fields": {"desc_tipo_sumi": "Luz"}}, {"model": "land_inspections.supplytype", "pk": 2, "fields": {"desc_tipo_sumi": "Agua"}}, {"model": "land_inspections.supplytype", "pk": 3, "fields": {"desc_tipo_sumi": "Gas"}}, {"model": "land_inspections.landinspectiontype", "pk": "R", "fields": {"desc_tipo_predio": "RURAL"}}, {"model": "land_inspections.landinspectiontype", "pk": "U", "fields": {"desc_tipo_predio": "URBANO"}}, {"model": "land_inspections.landinspection", "pk": 72, "fields": {"cod_tit": "22090122090199161861010101001", "ubigeo": "220901", "cod_cpu": "78068967-0001-4", "cod_pre": "22090199161861010101001", "cod_tipo_predio": 1, "piso": "1", "num_sumi_agua": "", "num_sumi_luz": "143685", "interior": "", "obs_predio": "", "num_dpto": "", "codigo_uso": "49", "codigo_clase_uso": "1", "codigo_sub_clase_uso": "101", "block": "", "num_sumi_gas": ""}}, {"model": "land_inspections.landinspection", "pk": 73, "fields": {"cod_tit": "22090122090199035599010101001", "ubigeo": "220901", "cod_cpu": "78072292-0001-8", "cod_pre": "22090199035599010101001", "cod_tipo_predio": 1, "piso": "1", "num_sumi_agua": "", "num_sumi_luz": "290643", "interior": "", "obs_predio": "", "num_dpto": "", "codigo_uso": "89", "codigo_clase_uso": "2", "codigo_sub_clase_uso": "203", "block": "", "num_sumi_gas": ""}}, {"model": "land_inspections.landinspection", "pk": 74, "fields": {"cod_tit": "22090122090199039439010101001", "ubigeo": "220901", "cod_cpu": "78073953-0001-2", "cod_pre": "22090199039439010101001", "cod_tipo_predio": 1, "piso": "1", "num_sumi_agua": "", "num_sumi_luz": "334009", "interior": "", "obs_predio": "", "num_dpto": "", "codigo_uso": "49", "codigo_clase_uso": "1", "codigo_sub_clase_uso": "101", "block": "", "num_sumi_gas": ""}}, {"model": "land_inspections.landinspection", "pk": 75, "fields": {"cod_tit": "22090122090199042935010101001", "ubigeo": "220901", "cod_cpu": "78074106-0001-1", "cod_pre": "22090199042935010101001", "cod_tipo_predio": 1, "piso": "1", "num_sumi_agua": "", "num_sumi_luz": "", "interior": "", "obs_predio": "no se aprecio el suministro elÚctrico por estar pintado", "num_dpto": "", "codigo_uso": "80", "codigo_clase_uso": "2", "codigo_sub_clase_uso": "203", "block": "", "num_sumi_gas": ""}}, {"model": "land_inspections.landinspection", "pk": 76, "fields": {"cod_tit": "22090122090199010728010101001", "ubigeo": "220901", "cod_cpu": "78070913-0001-6", "cod_pre": "22090199010728010101001", "cod_tipo_predio": 1, "piso": "0", "num_sumi_agua": "", "num_sumi_luz": "344132", "interior": "", "obs_predio": "", "num_dpto": "", "codigo_uso": "303", "codigo_clase_uso": "7", "codigo_sub_clase_uso": "704", "block": "", "num_sumi_gas": ""}}, {"model": "land_inspections.landinspection", "pk": 77, "fields": {"cod_tit": "182209018992", "ubigeo": "220901", "cod_cpu": "", "cod_pre": "", "cod_tipo_predio": 1, "piso": "3", "num_sumi_agua": "", "num_sumi_luz": "336841", "interior": "", "obs_predio": "", "num_dpto": "", "codigo_uso": "49", "codigo_clase_uso": "1", "codigo_sub_clase_uso": "101", "block": "", "num_sumi_gas": ""}}, {"model": "land_inspections.landinspection", "pk": 78, "fields": {"cod_tit": "182209018413", "ubigeo": "220901", "cod_cpu": "", "cod_pre": "", "cod_tipo_predio": 1, "piso": "1", "num_sumi_agua": "", "num_sumi_luz": "127308", "interior": "", "obs_predio": "", "num_dpto": "", "codigo_uso": "49", "codigo_clase_uso": "1", "codigo_sub_clase_uso": "101", "block": "", "num_sumi_gas": ""}}, {"model": "land_inspections.landinspection", "pk": 79, "fields": {"cod_tit": "182209018329", "ubigeo": "220901", "cod_cpu": "", "cod_pre": "", "cod_tipo_predio": 1, "piso": "1", "num_sumi_agua": "", "num_sumi_luz": "362930", "interior": "", "obs_predio": "Suministro 2: 127290", "num_dpto": "", "codigo_uso": "49", "codigo_clase_uso": "1", "codigo_sub_clase_uso": "101", "block": "", "num_sumi_gas": ""}}, {"model": "land_inspections.landinspection", "pk": 80, "fields": {"cod_tit": "182209018118", "ubigeo": "220901", "cod_cpu": "", "cod_pre": "", "cod_tipo_predio": 1, "piso": "1", "num_sumi_agua": "", "num_sumi_luz": "127282", "interior": "", "obs_predio": "suministro de la propiedad 1317 numero: 127274", "num_dpto": "", "codigo_uso": "49", "codigo_clase_uso": "1", "codigo_sub_clase_uso": "101", "block": "", "num_sumi_gas": ""}}, {"model": "land_inspections.landinspection", "pk": 81, "fields": {"cod_tit": "182209019412", "ubigeo": "220901", "cod_cpu": "", "cod_pre": "", "cod_tipo_predio": 1, "piso": "2", "num_sumi_agua": "", "num_sumi_luz": "343054", "interior": "", "obs_predio": "Suministro 2 : 318669\nSuministro 3 : 315473\nSuministro 4 : 321148", "num_dpto": "", "codigo_uso": "0", "codigo_clase_uso": "1", "codigo_sub_clase_uso": "0", "block": "", "num_sumi_gas": ""}}, {"model": "land_inspections.landinspection", "pk": 82, "fields": {"cod_tit": "182209015876", "ubigeo": "220901", "cod_cpu": "", "cod_pre": "", "cod_tipo_predio": 1, "piso": "1", "num_sumi_agua": "", "num_sumi_luz": "335393", "interior": "", "obs_predio": "", "num_dpto": "", "codigo_uso": "49", "codigo_clase_uso": "1", "codigo_sub_clase_uso": "101", "block": "", "num_sumi_gas": ""}}, {"model": "land_inspections.landinspection", "pk": 83, "fields": {"cod_tit": "182209018815", "ubigeo": "220901", "cod_cpu": "", "cod_pre": "", "cod_tipo_predio": 1, "piso": "1", "num_sumi_agua": "", "num_sumi_luz": "126540", "interior": "", "obs_predio": "", "num_dpto": "", "codigo_uso": "49", "codigo_clase_uso": "1", "codigo_sub_clase_uso": "101", "block": "", "num_sumi_gas": ""}}, {"model": "land_inspections.landinspection", "pk": 84, "fields": {"cod_tit": "182209018935", "ubigeo": "220901", "cod_cpu": "", "cod_pre": "", "cod_tipo_predio": 1, "piso": "1", "num_sumi_agua": "", "num_sumi_luz": "314203", "interior": "", "obs_predio": "", "num_dpto": "", "codigo_uso": "0", "codigo_clase_uso": "1", "codigo_sub_clase_uso": "0", "block": "", "num_sumi_gas": ""}}, {"model": "land_inspections.landinspection", "pk": 85, "fields": {"cod_tit": "182209018659", "ubigeo": "220901", "cod_cpu": "", "cod_pre": "", "cod_tipo_predio": 1, "piso": "1", "num_sumi_agua": "", "num_sumi_luz": "344841", "interior": "", "obs_predio": "", "num_dpto": "", "codigo_uso": "49", "codigo_clase_uso": "1", "codigo_sub_clase_uso": "101", "block": "", "num_sumi_gas": ""}}, {"model": "land_inspections.landinspection", "pk": 86, "fields": {"cod_tit": "182209018658", "ubigeo": "220901", "cod_cpu": "", "cod_pre": "", "cod_tipo_predio": 1, "piso": "2", "num_sumi_agua": "", "num_sumi_luz": "332909", "interior": "", "obs_predio": "", "num_dpto": "", "codigo_uso": "80", "codigo_clase_uso": "2", "codigo_sub_clase_uso": "203", "block": "", "num_sumi_gas": ""}}, {"model": "land_inspections.landinspection", "pk": 87, "fields": {"cod_tit": "182209015416", "ubigeo": "220901", "cod_cpu": "", "cod_pre": "", "cod_tipo_predio": 1, "piso": "1", "num_sumi_agua": "", "num_sumi_luz": "317251", "interior": "", "obs_predio": "", "num_dpto": "", "codigo_uso": "49", "codigo_clase_uso": "1", "codigo_sub_clase_uso": "101", "block": "", "num_sumi_gas": ""}}, {"model": "land_inspections.landinspection", "pk": 88, "fields": {"cod_tit": "182209015317", "ubigeo": "220901", "cod_cpu": "", "cod_pre": "", "cod_tipo_predio": 1, "piso": "1", "num_sumi_agua": "", "num_sumi_luz": "127670", "interior": "", "obs_predio": "", "num_dpto": "", "codigo_uso": "65", "codigo_clase_uso": "2", "codigo_sub_clase_uso": "201", "block": "", "num_sumi_gas": ""}}, {"model": "land_inspections.landinspection", "pk": 89, "fields": {"cod_tit": "22090122090199005234010101001", "ubigeo": "220901", "cod_cpu": "78071256-0001-4", "cod_pre": "22090199005234010101001", "cod_tipo_predio": 1, "piso": "2", "num_sumi_agua": "", "num_sumi_luz": "367720", "interior": "", "obs_predio": "Suministro 2 : 367721", "num_dpto": "", "codigo_uso": "65", "codigo_clase_uso": "2", "codigo_sub_clase_uso": "201", "block": "", "num_sumi_gas": ""}}, {"model": "land_inspections.landinspection", "pk": 90, "fields": {"cod_tit": "182209017787", "ubigeo": "220901", "cod_cpu": "", "cod_pre": "", "cod_tipo_predio": 1, "piso": "3", "num_sumi_agua": "", "num_sumi_luz": "344864", "interior": "", "obs_predio": "", "num_dpto": "", "codigo_uso": "49", "codigo_clase_uso": "1", "codigo_sub_clase_uso": "101", "block": "", "num_sumi_gas": ""}}, {"model": "land_inspections.landinspection", "pk": 91, "fields": {"cod_tit": "182209017935", "ubigeo": "220901", "cod_cpu": "", "cod_pre": "", "cod_tipo_predio": 1, "piso": "1", "num_sumi_agua": "", "num_sumi_luz": "127613", "interior": "", "obs_predio": "", "num_dpto": "", "codigo_uso": "49", "codigo_clase_uso": "1", "codigo_sub_clase_uso": "101", "block": "", "num_sumi_gas": ""}}, {"model": "land_inspections.landinspection", "pk": 92, "fields": {"cod_tit": "182209017934", "ubigeo": "220901", "cod_cpu": "", "cod_pre": "", "cod_tipo_predio": 1, "piso": "1", "num_sumi_agua": "", "num_sumi_luz": "", "interior": "", "obs_predio": "se observa que es la continuaci¾n del predio de la esquina Del Jr JosÚ Olaya 1202", "num_dpto": "", "codigo_uso": "299", "codigo_clase_uso": "7", "codigo_sub_clase_uso": "701", "block": "", "num_sumi_gas": ""}}, {"model": "land_inspections.landinspection", "pk": 93, "fields": {"cod_tit": "182209016731", "ubigeo": "220901", "cod_cpu": "", "cod_pre": "", "cod_tipo_predio": 1, "piso": "1", "num_sumi_agua": "", "num_sumi_luz": "354118", "interior": "", "obs_predio": "", "num_dpto": "", "codigo_uso": "49", "codigo_clase_uso": "1", "codigo_sub_clase_uso": "101", "block": "", "num_sumi_gas": ""}}, {"model": "land_inspections.landinspection", "pk": 94, "fields": {"cod_tit": "22090122090199164044010101001", "ubigeo": "220901", "cod_cpu": "78071553-0001-5", "cod_pre": "22090199164044010101001", "cod_tipo_predio": 1, "piso": "1", "num_sumi_agua": "", "num_sumi_luz": "127449", "interior": "", "obs_predio": "", "num_dpto": "", "codigo_uso": "49", "codigo_clase_uso": "1", "codigo_sub_clase_uso": "101", "block": "", "num_sumi_gas": ""}}, {"model": "land_inspections.landinspection", "pk": 95, "fields": {"cod_tit": "22090122090199037500010101001", "ubigeo": "220901", "cod_cpu": "78073607-0001-8", "cod_pre": "22090199037500010101001", "cod_tipo_predio": 1, "piso": "1", "num_sumi_agua": "", "num_sumi_luz": "354678", "interior": "", "obs_predio": "", "num_dpto": "", "codigo_uso": "80", "codigo_clase_uso": "2", "codigo_sub_clase_uso": "203", "block": "", "num_sumi_gas": ""}}, {"model": "land_inspections.landinspection", "pk": 96, "fields": {"cod_tit": "182209018063", "ubigeo": "220901", "cod_cpu": "", "cod_pre": "", "cod_tipo_predio": 1, "piso": "1", "num_sumi_agua": "", "num_sumi_luz": "298240", "interior": "", "obs_predio": "uso casa comercio", "num_dpto": "", "codigo_uso": "80", "codigo_clase_uso": "2", "codigo_sub_clase_uso": "203", "block": "", "num_sumi_gas": ""}}, {"model": "land_inspections.landinspection", "pk": 97, "fields": {"cod_tit": "182209018906", "ubigeo": "220901", "cod_cpu": "", "cod_pre": "", "cod_tipo_predio": 1, "piso": "4", "num_sumi_agua": "", "num_sumi_luz": "343993", "interior": "", "obs_predio": "Suministros:\n-362187\n-362185\n-362188\n-362194\n-362186", "num_dpto": "", "codigo_uso": "50", "codigo_clase_uso": "1", "codigo_sub_clase_uso": "102", "block": "", "num_sumi_gas": ""}}, {"model": "land_inspections.landinspection", "pk": 98, "fields": {"cod_tit": "182209017398", "ubigeo": "220901", "cod_cpu": "", "cod_pre": "", "cod_tipo_predio": 1, "piso": "2", "num_sumi_agua": "", "num_sumi_luz": "127597", "interior": "", "obs_predio": "", "num_dpto": "", "codigo_uso": "49", "codigo_clase_uso": "1", "codigo_sub_clase_uso": "101", "block": "", "num_sumi_gas": ""}}, {"model": "land_inspections.landinspection", "pk": 99, "fields": {"cod_tit": "22090122090199013166010101001", "ubigeo": "220901", "cod_cpu": "78073821-0001-4", "cod_pre": "22090199013166010101001", "cod_tipo_predio": 1, "piso": "1", "num_sumi_agua": "", "num_sumi_luz": "127506", "interior": "", "obs_predio": "", "num_dpto": "", "codigo_uso": "49", "codigo_clase_uso": "1", "codigo_sub_clase_uso": "101", "block": "", "num_sumi_gas": ""}}, {"model": "land_inspections.landinspection", "pk": 100, "fields": {"cod_tit": "22090122090199046898010101001", "ubigeo": "220901", "cod_cpu": "78070817-0001-6", "cod_pre": "22090199046898010101001", "cod_tipo_predio": 1, "piso": "1", "num_sumi_agua": "", "num_sumi_luz": "321012", "interior": "", "obs_predio": "", "num_dpto": "", "codigo_uso": "49", "codigo_clase_uso": "1", "codigo_sub_clase_uso": "101", "block": "", "num_sumi_gas": ""}}, {"model": "land_inspections.landinspection", "pk": 101, "fields": {"cod_tit": "182209016741", "ubigeo": "220901", "cod_cpu": "", "cod_pre": "", "cod_tipo_predio": 1, "piso": "1", "num_sumi_agua": "", "num_sumi_luz": "309744", "interior": "", "obs_predio": "", "num_dpto": "", "codigo_uso": "49", "codigo_clase_uso": "1", "codigo_sub_clase_uso": "101", "block": "", "num_sumi_gas": ""}}, {"model": "land_inspections.landinspection", "pk": 102, "fields": {"cod_tit": "22090122090199043642010101001", "ubigeo": "220901", "cod_cpu": "78072850-0001-3", "cod_pre": "22090199043642010101001", "cod_tipo_predio": 1, "piso": "1", "num_sumi_agua": "", "num_sumi_luz": "320954", "interior": "", "obs_predio": "", "num_dpto": "", "codigo_uso": "49", "codigo_clase_uso": "1", "codigo_sub_clase_uso": "101", "block": "", "num_sumi_gas": ""}}, {"model": "land_inspections.landinspection", "pk": 103, "fields": {"cod_tit": "182209016540", "ubigeo": "220901", "cod_cpu": "", "cod_pre": "", "cod_tipo_predio": 1, "piso": "1", "num_sumi_agua": "", "num_sumi_luz": "344866", "interior": "", "obs_predio": "", "num_dpto": "", "codigo_uso": "65", "codigo_clase_uso": "2", "codigo_sub_clase_uso": "201", "block": "", "num_sumi_gas": ""}}]
